ลำดับที่,ชื่อแหล่งธรรมชาติ,ประเภทที่,ประเภทแหล่งธรรมชาติ,ระดับความสำคัญ,ตำบล,อำเภอ,จังหวัด,ภาค
1,เกาะสีชัง,1,เกาะ,แหล่งธรรมชาติอันควรอนุรักษ์,ท่าเทววงษ์,เกาะสีชัง,ชลบุรี,ตะวันออก
2,เกาะพีพีเล-เกาะพีพีดอน,1,เกาะ,แหล่งธรรมชาติอันควรอนุรักษ์,อ่าวนาง,เมืองกระบี่,กระบี่,ใต้
3,เกาะหนู-เกาะแมว,1,เกาะ,แหล่งธรรมชาติอันควรอนุรักษ์,บ่อยาง,เมืองสงขลา,สงขลา,ใต้
4,เกาะไข่ (เกาะตะรุเตา),1,เกาะ,แหล่งธรรมชาติอันควรอนุรักษ์,เกาะสาหร่าย,เมืองสตูล,สตูล,ใต้
5,เกาะเสม็ด,1,เกาะ,แหล่งธรรมชาติของท้องถิ่น,,เมือง,ระยอง,ตะวันออก
6,เกาะมันนอก,1,เกาะ,แหล่งธรรมชาติของท้องถิ่น,,แกลง,ระยอง,ตะวันออก
7,เกาะมันใน,1,เกาะ,แหล่งธรรมชาติของท้องถิ่น,,แกลง,ระยอง,ตะวันออก
8,เกาะไข่,1,เกาะ,แหล่งธรรมชาติของท้องถิ่น,,ปะทิว,ชุมพร,ใต้
9,เกาะนาคาใหญ่,1,เกาะ,แหล่งธรรมชาติของท้องถิ่น,,ถลาง,ภูเก็ต,ใต้
10,เกาะนาคาน้อย,1,เกาะ,แหล่งธรรมชาติของท้องถิ่น,,ถลาง,ภูเก็ต,ใต้
11,เกาะราชาใหญ่,1,เกาะ,แหล่งธรรมชาติของท้องถิ่น,,เมือง,ภูเก็ต,ใต้
12,เกาะราชาน้อย,1,เกาะ,แหล่งธรรมชาติของท้องถิ่น,,เมือง,ภูเก็ต,ใต้
13,เกาะไม้ท่อน,1,เกาะ,แหล่งธรรมชาติของท้องถิ่น,,เมือง,ภูเก็ต,ใต้
14,เกาะลันตาน้อย,1,เกาะ,แหล่งธรรมชาติของท้องถิ่น,,เกาะลันตา,กระบี่,ใต้
15,เกาะสุกร,1,เกาะ,แหล่งธรรมชาติของท้องถิ่น,,ปะเหลียน,ตรัง,ใต้
16,เกาะเชือก,1,เกาะ,แหล่งธรรมชาติของท้องถิ่น,,กันตัง,ตรัง,ใต้
17,เกาะแหวน,1,เกาะ,แหล่งธรรมชาติของท้องถิ่น,,กันตัง,ตรัง,ใต้
18,เกาะกระดาน,1,เกาะ,แหล่งธรรมชาติของท้องถิ่น,,กันตัง,ตรัง,ใต้
19,เกาะหลีเป๊ะ,1,เกาะ,แหล่งธรรมชาติของท้องถิ่น,,เมือง,สตูล,ใต้
20,เกาะเต่า,1,เกาะ,แหล่งธรรมชาติของท้องถิ่น,,เกาะสมุย,สุราษฎร์ธานี,ใต้
21,เกาะนางยวน,1,เกาะ,แหล่งธรรมชาติของท้องถิ่น,,เกาะสมุย,สุราษฎร์ธานี,ใต้
22,แก่งหลวง,2,แก่ง,แหล่งธรรมชาติอันควรอนุรักษ์,บ้านปิน,ลอง,แพร่,เหนือ
23,แก่งสลัดได,2,แก่ง,แหล่งธรรมชาติอันควรอนุรักษ์,บุฝ้าย,ประจันตคาม,ปราจีนบุรี,ตะวันออก
24,แก่งฟ้า,2,แก่ง,แหล่งธรรมชาติอันควรอนุรักษ์,ท่าพระ,เมืองขอนแก่น,ขอนแก่น,ตะวันออกเฉียงเหนือ
25,แก่งคุดคู้,2,แก่ง,แหล่งธรรมชาติอันควรอนุรักษ์,เชียงคาน,เชียงคาน,เลย,ตะวันออกเฉียงเหนือ
26,แก่งกะเบา,2,แก่ง,แหล่งธรรมชาติอันควรอนุรักษ์,โป่งขาม,หว้านใหญ่,มุกดาหาร,ตะวันออกเฉียงเหนือ
27,แก่งสะพือ,2,แก่ง,แหล่งธรรมชาติอันควรอนุรักษ์,พิบูลมังสาหาร,พิบูลมังสาหาร,อุบลราชธานี,ตะวันออกเฉียงเหนือ
28,แก่งตะนะ,2,แก่ง,แหล่งธรรมชาติอันควรอนุรักษ์,คำเขื่อนแก้ว โขงเจียม,สิรินธร และ โขงเจียม,อุบลราชธานี,ตะวันออกเฉียงเหนือ
29,แก่งซองกาเรีย,2,แก่ง,แหล่งธรรมชาติของท้องถิ่น,หนองลู,สังขละบุรี,กาญจนบุรี,ตะวันตก
30,แก่งหินเพิง,2,แก่ง,แหล่งธรรมชาติของท้องถิ่น,สะพานหิน,นาดี,กาญจนบุรี,ตะวันตก
31,แก่งอะฮง,2,แก่ง,แหล่งธรรมชาติของท้องถิ่น,ไคซี,เมืองบึงกาฬ,บึงกาฬ,ตะวันออกเฉียงเหนือ
32,ทุ่งบัวตอง (ดอยแม่อูคอ),3,ภูเขา,แหล่งธรรมชาติอันควรอนุรักษ์,แม่อูคอ,ขุนยวม,แม่ฮ่องสอน,เหนือ
33,ดอยกองมู,3,ภูเขา,แหล่งธรรมชาติอันควรอนุรักษ์,จองคำ,เมืองแม่ฮ่องสอน,แม่ฮ่องสอน,เหนือ
34,เขาสน,3,ภูเขา,แหล่งธรรมชาติอันควรอนุรักษ์,โกสัมพี,เมืองกำแพงเพชร,กำแพงเพชร,กลาง
35,เขาแก้ว-เขาหน่อ,3,ภูเขา,แหล่งธรรมชาติอันควรอนุรักษ์,บ้านแดน,บรรพตพิสัย,นครสวรรค์,กลาง
36,เขาฆ้องชัย,3,ภูเขา,แหล่งธรรมชาติอันควรอนุรักษ์,ป่าอ้อ,ลานสัก,อุทัยธานี,กลาง
37,เขางู,3,ภูเขา,แหล่งธรรมชาติอันควรอนุรักษ์,เกาะพลับพลา,เมืองราชบุรี,ราชบุรี,ตะวันตก
38,เขาเจ้าลาย,3,ภูเขา,แหล่งธรรมชาติอันควรอนุรักษ์,เขาใหญ่,ชะอำ,เพชรบุรี,ตะวันตก
39,เขาวัง (เพชรบุรี),3,ภูเขา,แหล่งธรรมชาติอันควรอนุรักษ์,คลองกระแซง,เมืองเพชรบุรี,เพชรบุรี,ตะวันตก
40,เขาเต่า,3,ภูเขา,แหล่งธรรมชาติอันควรอนุรักษ์,หนองแก,หัวหิน,ประจวบคีรีขันธ์,ตะวันตก
41,เขาหินซ้อน,3,ภูเขา,แหล่งธรรมชาติอันควรอนุรักษ์,เขาหินซ้อน,พนมสารคาม,ฉะเชิงเทรา,ตะวันออก
42,ผาเกิ้ง (ชัยภูมิ),3,ภูเขา,แหล่งธรรมชาติอันควรอนุรักษ์,กุดชุมแสง,หนองบัวแดง,ชัยภูมิ,ตะวันออกเฉียงเหนือ
43,ผานกเค้า,3,ภูเขา,แหล่งธรรมชาติอันควรอนุรักษ์,ผานกเค้า,ชุมแพ,ขอนแก่น,ตะวันออกเฉียงเหนือ
44,ภูทอก,3,ภูเขา,แหล่งธรรมชาติอันควรอนุรักษ์,นาแสง,ศรีวิไล,บึงกาฬ,ตะวันออกเฉียงเหนือ
45,ภูกระดึง,3,ภูเขา,แหล่งธรรมชาติอันควรอนุรักษ์,ศรีฐาน,ภูกระดึง,เลย,ตะวันออกเฉียงเหนือ
46,ภูเรือ,3,ภูเขา,แหล่งธรรมชาติอันควรอนุรักษ์,หนองบัว,ภูเรือ,เลย,ตะวันออกเฉียงเหนือ
47,ภูหลวง,3,ภูเขา,แหล่งธรรมชาติอันควรอนุรักษ์,ท่าศาลา,ภูเรือ,เลย,ตะวันออกเฉียงเหนือ
48,ภูผาเทิบ,3,ภูเขา,แหล่งธรรมชาติอันควรอนุรักษ์,นาสีนวน,เมืองมุกดาหาร,มุกดาหาร,ตะวันออกเฉียงเหนือ
49,ภูถ้ำพระ (มุกดาหาร),3,ภูเขา,แหล่งธรรมชาติอันควรอนุรักษ์,นาสีนวน,เมืองมุกดาหาร,มุกดาหาร,ตะวันออกเฉียงเหนือ
50,ภูสิงห์ (กาฬสินธุ์),3,ภูเขา,แหล่งธรรมชาติอันควรอนุรักษ์,โนนบุรี,สหัสขันธ์,กาฬสินธุ์,ตะวันออกเฉียงเหนือ
51,ภูปอ,3,ภูเขา,แหล่งธรรมชาติอันควรอนุรักษ์,ภูปอ,เมืองกาฬสินธุ์,กาฬสินธุ์,ตะวันออกเฉียงเหนือ
52,ภูผาผึ้ง (สะพานหิน),3,ภูเขา,แหล่งธรรมชาติอันควรอนุรักษ์,กุดหว้า,กุฉินารายณ์,กาฬสินธุ์,ตะวันออกเฉียงเหนือ
53,ผาน้ำย้อย,3,ภูเขา,แหล่งธรรมชาติอันควรอนุรักษ์,ผาน้ำย้อย,หนองพอก,ร้อยเอ็ด,ตะวันออกเฉียงเหนือ
54,ภูถ้ำพระ (ยโสธร),3,ภูเขา,แหล่งธรรมชาติอันควรอนุรักษ์,กุดเชียงหมี,เลิงนกทา,ยโสธร,ตะวันออกเฉียงเหนือ
55,ภูกระโดง,3,ภูเขา,แหล่งธรรมชาติอันควรอนุรักษ์,เสม็ด,เมืองบุรีรัมย์,บุรีรัมย์,ตะวันออกเฉียงเหนือ
56,ภูพนมรุ้ง,3,ภูเขา,แหล่งธรรมชาติอันควรอนุรักษ์,ตาเป๊ก,เฉลิมพระเกียรติ,บุรีรัมย์,ตะวันออกเฉียงเหนือ
57,ภูพระอังคาร,3,ภูเขา,แหล่งธรรมชาติอันควรอนุรักษ์,เจริญสุข,เฉลิมพระเกียรติ,บุรีรัมย์,ตะวันออกเฉียงเหนือ
58,ผามออีแดง,3,ภูเขา,แหล่งธรรมชาติอันควรอนุรักษ์,เสาธงชัย,กันทรลักษ์,ศรีสะเกษ,ตะวันออกเฉียงเหนือ
59,เขาอกทะลุ,3,ภูเขา,แหล่งธรรมชาติอันควรอนุรักษ์,คูหาสวรรค์,เมืองพัทลุง,พัทลุง,ใต้
60,เขาตังกวน-เขาน้อย,3,ภูเขา,แหล่งธรรมชาติอันควรอนุรักษ์,บ่อยาง,เมืองสงขลา,สงขลา,ใต้
61,เขารัง,3,ภูเขา,แหล่งธรรมชาติอันควรอนุรักษ์,รัษฎา,เมืองภูเก็ต,ภูเก็ต,ใต้
62,แหลมพรหมเทพ,3,ภูเขา,แหล่งธรรมชาติอันควรอนุรักษ์,ราไวย์,เมืองภูเก็ต,ภูเก็ต,ใต้
63,เขาขนาบน้ำ,3,ภูเขา,แหล่งธรรมชาติอันควรอนุรักษ์,ปากน้ำ,เมืองกระบี่,กระบี่,ใต้
64,ผาโต๊ะบู (เกาะตะรุเตา),3,ภูเขา,แหล่งธรรมชาติอันควรอนุรักษ์,เกาะสาหร่าย,เมืองสตูล,สตูล,ใต้
65,ดอยตุง,3,ภูเขา,แหล่งธรรมชาติของท้องถิ่น,แม่ฟ้าหลวง,แม่ฟ้าหลวง,เชียงราย,เหนือ
66,ดอยผาตั้ง,3,ภูเขา,แหล่งธรรมชาติของท้องถิ่น,ปอ,เวียงแก่น,เชียงราย,เหนือ
67,ดอยแม่สลอง,3,ภูเขา,แหล่งธรรมชาติของท้องถิ่น,แม่สลองนอก,แม่ฟ้าหลวง,เชียงราย,เหนือ
68,ผาบ่อง,3,ภูเขา,แหล่งธรรมชาติของท้องถิ่น,ปอ,เวียงแก่น,เชียงราย,เหนือ
69,กิ่วแม่ปาน,3,ภูเขา,แหล่งธรรมชาติของท้องถิ่น,ช่างเคิ่ง,แม่แจ่ม,เชียงใหม่,เหนือ
70,ดอยปุย,3,ภูเขา,แหล่งธรรมชาติของท้องถิ่น,ช้างเผือก,เมืองเชียงใหม่,เชียงใหม่,เหนือ
71,ดอยผ้าห่มปก,3,ภูเขา,แหล่งธรรมชาติของท้องถิ่น,โป่งน้ำร้อน,ฝาง,เชียงใหม่,เหนือ
72,ดอยหลวงเชียงดาว,3,ภูเขา,แหล่งธรรมชาติของท้องถิ่น,เชียงดาว,เชียงดาว,เชียงใหม่,เหนือ
73,ดอยหัวเสือ,3,ภูเขา,แหล่งธรรมชาติของท้องถิ่น,บ้านหลวง,จอมทอง,เชียงใหม่,เหนือ
74,ดอยอ่างกาหลวง,3,ภูเขา,แหล่งธรรมชาติของท้องถิ่น,บ้านหลวง,จอมทอง,เชียงใหม่,เหนือ
75,ดอยอ่างขาง,3,ภูเขา,แหล่งธรรมชาติของท้องถิ่น,แม่สูน,ฝาง,เชียงใหม่,เหนือ
76,ดอยหัวหมด,3,ภูเขา,แหล่งธรรมชาติของท้องถิ่น,อุ้มผาง,อุ้มผาง,ตาก,ตะวันตก
77,ดอยเสมอดาว,3,ภูเขา,แหล่งธรรมชาติของท้องถิ่น,ศรีษะเกษ,นาน้อย,น่าน,เหนือ
78,ผาชู้,3,ภูเขา,แหล่งธรรมชาติของท้องถิ่น,ศรีษะเกษ,นาน้อย,น่าน,เหนือ
79,ดอยขุนตาล,3,ภูเขา,แหล่งธรรมชาติของท้องถิ่น,ทาปลาดุก,แม่ทา,ลำพูน,เหนือ
80,ภูสอยดาว,3,ภูเขา,แหล่งธรรมชาติของท้องถิ่น,ห้วยมุ่น,น้ำปาด,อุตรดิตถ์,เหนือ
81,เขาขาด,3,ภูเขา,แหล่งธรรมชาติของท้องถิ่น,ท่าเสา,ไทรโยค,กาญจนบุรี,ตะวันตก
82,เขาวัดถ้ำเสือ,3,ภูเขา,แหล่งธรรมชาติของท้องถิ่น,ม่วงชุม,ท่าม่วง,กาญจนบุรี,ตะวันตก
83,เขาเพิ่ม,3,ภูเขา,แหล่งธรรมชาติของท้องถิ่น,เขาเพิ่ม,บ้านนา,นครนายก,กลาง
84,เขากะโหลก,3,ภูเขา,แหล่งธรรมชาติของท้องถิ่น,ปากน้ำปราณ,ปราณบุรี,ประจวบคีรีขันธ์,ตะวันตก
85,เขาช่องกระจก,3,ภูเขา,แหล่งธรรมชาติของท้องถิ่น,อ่าวน้อย ,เมืองประจวบคีรีขันธ์ ,ประจวบคีรีขันธ์,ตะวันตก
86,เขาวังราชบุรี,3,ภูเขา,แหล่งธรรมชาติของท้องถิ่น,หน้าเมือง,เจดีย์หัก,ราชบุรี,ตะวันตก
87,เขาบิน,3,ภูเขา,แหล่งธรรมชาติของท้องถิ่น,จอมบึง,จอมบึง,ราชบุรี,ตะวันตก
88,เขาวง,3,ภูเขา,แหล่งธรรมชาติของท้องถิ่น,เขาวงกต,แก่งหางแมว,จันทบุรี,ตะวันออก
89,เขาสามมุก,3,ภูเขา,แหล่งธรรมชาติของท้องถิ่น,แสนสุข,เมืองชลบุรี,ชลบุรี,ตะวันออก
90,เขายายดา,3,ภูเขา,แหล่งธรรมชาติของท้องถิ่น,ตะพง,เมืองระยอง,ระยอง,ตะวันออก
91,ภูผาผึ้ง,3,ภูเขา,แหล่งธรรมชาติของท้องถิ่น,กุดหว้า,กุฉินารายณ์,กาฬสินธุ์,ตะวันออกแฉียงเหนือ
92,เขาพนมโดม (ป่าหินงาม),3,ภูเขา,แหล่งธรรมชาติของท้องถิ่น,บ้านไร่,เทพสถิต,ชัยภูมิ,ตะวันออกแฉียงเหนือ
93,เขาแม่ชี,3,ภูเขา,แหล่งธรรมชาติของท้องถิ่น,ขนงพระ,ปากช่อง,นครราชสีมา,ตะวันออกแฉียงเหนือ
94,เขาหลุบ,3,ภูเขา,แหล่งธรรมชาติของท้องถิ่น,ถาวร,เฉลิมพระเกียรติ,บุรีรัมย์,ตะวันออกแฉียงเหนือ
95,ภูผาเจีย,3,ภูเขา,แหล่งธรรมชาติของท้องถิ่น,เมืองมุกดาหาร,เมืองมุกดาหาร,มุกดาหาร,ตะวันออกแฉียงเหนือ
96,ผาบ่าว-ผาสาว,3,ภูเขา,แหล่งธรรมชาติของท้องถิ่น,เขาหลวง,วังสะพุง,เลย,ตะวันออกแฉียงเหนือ
97,ผาเกิ้งผานาง,3,ภูเขา,แหล่งธรรมชาติของท้องถิ่น,ผาอินทร์แปลง,เอราวัณ,เลย,ตะวันออกแฉียงเหนือ
98,ผาน้อย,3,ภูเขา,แหล่งธรรมชาติของท้องถิ่น,ผาน้อย,วังสะพุง,เลย,ตะวันออกแฉียงเหนือ
99,ภูสวนทราย (ภูซาง),3,ภูเขา,แหล่งธรรมชาติของท้องถิ่น,แสงภา,นาแห้ว,เลย,ตะวันออกแฉียงเหนือ
100,ภูผายล,3,ภูเขา,แหล่งธรรมชาติของท้องถิ่น,จันทร์เพ็ญ,เต่างอย,สกลนคร,ตะวันออกแฉียงเหนือ
101,ภูผาเหล็ก,3,ภูเขา,แหล่งธรรมชาติของท้องถิ่น,ปทุมวาปี,ส่องดาว,สกลนคร,ตะวันออกแฉียงเหนือ
102,ภูผาแต้ม,3,ภูเขา,แหล่งธรรมชาติของท้องถิ่น,ห้วยไผ่,โขงเจียม,อุบลราชธานี,ตะวันออกแฉียงเหนือ
103,ภูโลง,3,ภูเขา,แหล่งธรรมชาติของท้องถิ่น,ท่าหลวง,ตระการพืชผล,อุบลราชธานี,ตะวันออกแฉียงเหนือ
104,เขาพลู (ชุมพร),3,ภูเขา,แหล่งธรรมชาติของท้องถิ่น,สวนแตง,ละแม,ชุมพร,ใต้
105,เขาพลายดำ,3,ภูเขา,แหล่งธรรมชาติของท้องถิ่น,ทุ่งใส,สิชล,นครศรีธรรมราช,ใต้
106,เขาพังไกร,3,ภูเขา,แหล่งธรรมชาติของท้องถิ่น,พังไกร,หัวไทร,นครศรีธรรมราช,ใต้
107,เขาเหมน,3,ภูเขา,แหล่งธรรมชาติของท้องถิ่น,นาบอน,นาบอน,นครศรีธรรมราช,ใต้
108,เขาเจียก,3,ภูเขา,แหล่งธรรมชาติของท้องถิ่น,เขาเจียก,เมืองพัทลุง,พัทลุง,ใต้
109,เขาเก้าเส้ง,3,ภูเขา,แหล่งธรรมชาติของท้องถิ่น,เขารูปช้าง,เมืองสงขลา,สงขลา,ใต้
110,เขาเกาะใหญ่,3,ภูเขา,แหล่งธรรมชาติของท้องถิ่น,เกาะใหญ่,กระแสสินธุ์,สงขลา,ใต้
111,เขาคอหงส์,3,ภูเขา,แหล่งธรรมชาติของท้องถิ่น,คอหงส์,หาดใหญ่,สงขลา,ใต้
112,เขาคูหา,3,ภูเขา,แหล่งธรรมชาติของท้องถิ่น,คูหาใต้,รัตภูมิ,สงขลา,ใต้
113,เขาแดง,3,ภูเขา,แหล่งธรรมชาติของท้องถิ่น,หัวเขา,สิงหนคร,สงขลา,ใต้
114,เขาผี,3,ภูเขา,แหล่งธรรมชาติของท้องถิ่น,บางเขียด,สิงหนคร,สงขลา,ใต้
115,เขาหลง,3,ภูเขา,แหล่งธรรมชาติของท้องถิ่น,ทุ่งหว้า,เมืองสงขลา,สงขลา,ใต้
116,ผาชะโด,3,ภูเขา,แหล่งธรรมชาติของท้องถิ่น,ปากน้ำ,ละงู,สตูล,ใต้
117,เขาสก,3,ภูเขา,แหล่งธรรมชาติของท้องถิ่น,คลองศก,พนม,สุราษฎร์ธานี,ใต้
118,ถ้ำน้ำลอด,4,ถ้ำ,แหล่งธรรมชาติอันควรอนุรักษ์,ถ้ำลอด,ปางมะผ้า,แม่ฮ่องสอน,เหนือ
119,ถ้ำปลา,4,ถ้ำ,แหล่งธรรมชาติอันควรอนุรักษ์,ห้วยผา,เมืองแม่ฮ่องสอน,แม่ฮ่องสอน,เหนือ
120,ถ้ำเชียงดาว,4,ถ้ำ,แหล่งธรรมชาติอันควรอนุรักษ์,เชียงดาว,เชียงดาว,เชียงใหม่,เหนือ
121,ถ้ำเมืองออน,4,ถ้ำ,แหล่งธรรมชาติอันควรอนุรักษ์,บ้านสหกรณ์,แม่ออน,เชียงใหม่,เหนือ
122,ถ้ำหลวง-ขุนน้ำนางนอน (เขานางนอน),4,ถ้ำ,แหล่งธรรมชาติอันควรอนุรักษ์,โป่งผา,แม่สาย,เชียงราย,เหนือ
123,ถ้ำหลวงผาเวียง,4,ถ้ำ,แหล่งธรรมชาติอันควรอนุรักษ์,ป่าพลู,บ้านโฮ่ง,ลำพูน,เหนือ
124,ถ้ำผาไท,4,ถ้ำ,แหล่งธรรมชาติอันควรอนุรักษ์,บ้านหวด,งาว,ลำปาง,เหนือ
125,ถ้ำผานางคอย,4,ถ้ำ,แหล่งธรรมชาติอันควรอนุรักษ์,ร้องกวาง,ร้องกวาง,แพร่,เหนือ
126,ถ้ำผาตูบ,4,ถ้ำ,แหล่งธรรมชาติอันควรอนุรักษ์,ผาสิงห์,เมืองน่าน,น่าน,เหนือ
127,ถ้ำผามอง-ถ้ำผาเวียง,4,ถ้ำ,แหล่งธรรมชาติอันควรอนุรักษ์,ส้าน,เวียงสา,น่าน,เหนือ
128,ถ้ำแม่อุสุ,4,ถ้ำ,แหล่งธรรมชาติอันควรอนุรักษ์,แม่อุสุ,ท่าสองยาง,ตาก,ตะวันตก
129,ถ้ำนเรศวร,4,ถ้ำ,แหล่งธรรมชาติอันควรอนุรักษ์,บ้านมุง,เนินมะปราง,พิษณุโลก,กลาง
130,ถ้ำลม - ถ้ำวัง,4,ถ้ำ,แหล่งธรรมชาติอันควรอนุรักษ์,นาขุนไกร,ศรีสำโรง,สุโขทัย,กลาง
131,ถ้ำธารลอด,4,ถ้ำ,แหล่งธรรมชาติอันควรอนุรักษ์,เขาโจด,ศรีสวัสดิ์,กาญจนบุรี,ตะวันตก
132,ถ้ำพระธาตุ,4,ถ้ำ,แหล่งธรรมชาติอันควรอนุรักษ์,ท่ากระดาน,ศรีสวัสดิ์,กาญจนบุรี,ตะวันตก
133,ถ้ำดาวดึงส์,4,ถ้ำ,แหล่งธรรมชาติอันควรอนุรักษ์,ไทรโยค,ไทรโยค,กาญจนบุรี,ตะวันตก
134,ถ้ำละว้า,4,ถ้ำ,แหล่งธรรมชาติอันควรอนุรักษ์,วังกระแจะ,ไทรโยค,กาญจนบุรี,ตะวันตก
135,ถ้ำเขาบิน,4,ถ้ำ,แหล่งธรรมชาติอันควรอนุรักษ์,หินกอง,เมืองราชบุรี,ราชบุรี,ตะวันตก
136,ถ้ำจอมพล,4,ถ้ำ,แหล่งธรรมชาติอันควรอนุรักษ์,จอมบึง,จอมบึง,ราชบุรี,ตะวันตก
137,ถ้ำเขาหลวง,4,ถ้ำ,แหล่งธรรมชาติอันควรอนุรักษ์,ธงชัย,เมืองเพชรบุรี,เพชรบุรี,ตะวันตก
138,ถ้ำวัวแดง (ชัยภูมิ),4,ถ้ำ,แหล่งธรรมชาติอันควรอนุรักษ์,ถ้ำวัวแดง,หนองบัวแดง,ชัยภูมิ,ตะวันออกเฉียงเหนือ
139,ถ้ำผาพวง (ขอนแก่น),4,ถ้ำ,แหล่งธรรมชาติอันควรอนุรักษ์,หนองเขียด,ชุมแพ,ขอนแก่น,ตะวันออกเฉียงเหนือ
140,ถ้ำเอราวัณ,4,ถ้ำ,แหล่งธรรมชาติอันควรอนุรักษ์,วังทอง,นาวัง,หนองบัวลำภู,ตะวันออกเฉียงเหนือ
141,ถ้ำผาพุง (เลย),4,ถ้ำ,แหล่งธรรมชาติอันควรอนุรักษ์,เขาหลวง,วังสะพุง,เลย,ตะวันออกเฉียงเหนือ
142,ถ้ำผาปู่,4,ถ้ำ,แหล่งธรรมชาติอันควรอนุรักษ์,นาอ้อ,เมืองเลย,เลย,ตะวันออกเฉียงเหนือ
143,ถ้ำทอง,4,ถ้ำ,แหล่งธรรมชาติอันควรอนุรักษ์,ค้อเขียว,วาริชภูมิ,สกลนคร,ตะวันออกเฉียงเหนือ
144,ถ้ำพระเวส,4,ถ้ำ,แหล่งธรรมชาติอันควรอนุรักษ์,นาแก,นาแก,นครพนม,ตะวันออกเฉียงเหนือ
145,ถ้ำฝ่ามือแดง,4,ถ้ำ,แหล่งธรรมชาติอันควรอนุรักษ์,นาสีนวน,เมืองมุกดาหาร,มุกดาหาร,ตะวันออกเฉียงเหนือ
146,ถ้ำวัวแดง (นครราชสีมา),4,ถ้ำ,แหล่งธรรมชาติอันควรอนุรักษ์,เฉลียง,ครบุรี,นครราชสีมา,ตะวันออกเฉียงเหนือ
147,ถ้ำเขาเกรียบ,4,ถ้ำ,แหล่งธรรมชาติอันควรอนุรักษ์,บ้านควน,หลังสวน,ชุมพร,ใต้
148,ถ้ำคูหาภิมุข,4,ถ้ำ,แหล่งธรรมชาติอันควรอนุรักษ์,หน้าถ้ำ,เมืองยะลา,ยะลา,ใต้
149,ถ้ำกระแซง,4,ถ้ำ,แหล่งธรรมชาติอันควรอนุรักษ์,บันนังสตา,บันนังสตา,ยะลา,ใต้
150,ถ้ำโต๊ะโม๊ะ,4,ถ้ำ,แหล่งธรรมชาติอันควรอนุรักษ์,ภูเขาทอง,สุคิริน,นราธิวาส,ใต้
151,ถ้ำพระขยางค์,4,ถ้ำ,แหล่งธรรมชาติอันควรอนุรักษ์,ลำเลียง,กระบุรี,ระนอง,ใต้
152,ถ้ำสุวรรณคูหา (พังงา),4,ถ้ำ,แหล่งธรรมชาติอันควรอนุรักษ์,กระโสม,ตะกั่วทุ่ง,พังงา,ใต้
153,ถ้ำพุงช้าง,4,ถ้ำ,แหล่งธรรมชาติอันควรอนุรักษ์,ท้ายช้าง,เมืองพังงา,พังงา,ใต้
154,ถ้ำลอด,4,ถ้ำ,แหล่งธรรมชาติอันควรอนุรักษ์,เกาะปันหยี,เมืองพังงา,พังงา,ใต้
155,ถ้ำพระนางใน,4,ถ้ำ,แหล่งธรรมชาติอันควรอนุรักษ์,อ่าวนาง,เมืองกระบี่,กระบี่,ใต้
156,ถ้ำเสด็จ,4,ถ้ำ,แหล่งธรรมชาติอันควรอนุรักษ์,ไสไทย,เมืองกระบี่,กระบี่,ใต้
157,ถ้ำไวกิ้ง,4,ถ้ำ,แหล่งธรรมชาติอันควรอนุรักษ์,อ่าวนาง,เมืองกระบี่,กระบี่,ใต้
158,ถ้ำผีหัวโต,4,ถ้ำ,แหล่งธรรมชาติอันควรอนุรักษ์,อ่าวลึกใต้,อ่าวลึก,กระบี่,ใต้
159,ถ้ำเพชร,4,ถ้ำ,แหล่งธรรมชาติอันควรอนุรักษ์,อ่าวลึกเหนือ,อ่าวลึก,กระบี่,ใต้
160,ถ้ำเขาปินะ,4,ถ้ำ,แหล่งธรรมชาติอันควรอนุรักษ์,นาวง,ห้วยยอด,ตรัง,ใต้
161,ถ้ำสีฟ้า,4,ถ้ำ,แหล่งธรรมชาติของท้องถิ่น,มหาวัน,แม่สอด,ตาก,ตะวันตก
162,ถ้ำนกนางแอ่น,4,ถ้ำ,แหล่งธรรมชาติของท้องถิ่น,ชะแล,ทองผาภูมิ,กาญจนบุรี,ตะวันตก
163,ถ้ำน้ำตก,4,ถ้ำ,แหล่งธรรมชาติของท้องถิ่น,ชะแล,ทองผาภูมิ,กาญจนบุรี,ตะวันตก
164,ถ้ำเสาหินลำคลองงู,4,ถ้ำ,แหล่งธรรมชาติของท้องถิ่น,ชะแล,ทองผาภูมิ,กาญจนบุรี,ตะวันตก
165,วัดภูถ้ำพระ,4,ถ้ำ,แหล่งธรรมชาติของท้องถิ่น,นาโก ,กุฉินารายณ์,กาฬสินธุ์,ตะวันออกเฉียงเหนือ
166,ถ้ำพญานาคราช,4,ถ้ำ,แหล่งธรรมชาติของท้องถิ่น,นาหนองทุ่ม,ชุมแพ,ขอนแก่น,ตะวันออกเฉียงเหนือ
167,ถ้ำคนนอน,4,ถ้ำ,แหล่งธรรมชาติของท้องถิ่น,ภูเวียง,ภูเวียง ,ขอนแก่น,ตะวันออกเฉียงเหนือ
168,ถ้ำหินลาดหัวเมย,4,ถ้ำ,แหล่งธรรมชาติของท้องถิ่น,ภูเวียง,ภูเวียง ,ขอนแก่น,ตะวันออกเฉียงเหนือ
169,ถ้ำผาคันธง,4,ถ้ำ,แหล่งธรรมชาติของท้องถิ่น,หนองทุ่ม ,ชุมแพ,ขอนแก่น,ตะวันออกเฉียงเหนือ
170,ถ้ำผาเงิบ,4,ถ้ำ,แหล่งธรรมชาติของท้องถิ่น,ทุ่งพระ,คอนสาร,ชัยภูมิ,ตะวันออกเฉียงเหนือ
171,ถ้ำเขาจันทร์งาม,4,ถ้ำ,แหล่งธรรมชาติของท้องถิ่น,ลาดบัวขาว,สีคิ้ว,นครราชสีมา,ตะวันออกเฉียงเหนือ
172,ถ้ำตีนแดง,4,ถ้ำ,แหล่งธรรมชาติของท้องถิ่น,นาสีนวน ,มุกดาหาร,มุกดาหาร,ตะวันออกเฉียงเหนือ
173,ถ้ำผาแต้ม,4,ถ้ำ,แหล่งธรรมชาติของท้องถิ่น,บ้านบาก,ดอนตาล,มุกดาหาร,ตะวันออกเฉียงเหนือ
174,ถ้ำพระ (เลย),4,ถ้ำ,แหล่งธรรมชาติของท้องถิ่น,กกดู่,เมืองเลย,เลย,ตะวันออกเฉียงเหนือ
175,ถ้ำพระ 2 (เลย),4,ถ้ำ,แหล่งธรรมชาติของท้องถิ่น,ศรีฐาน,ภูกระดึง,เลย,ตะวันออกเฉียงเหนือ
176,ถ้ำเสือเหลือง,4,ถ้ำ,แหล่งธรรมชาติของท้องถิ่น,นาโป่ง,เมืองเลย ,เลย,ตะวันออกเฉียงเหนือ
177,ถ้ำมือ (เลย),4,ถ้ำ,แหล่งธรรมชาติของท้องถิ่น,ศรีฐาน ,ภูกระดึง,เลย,ตะวันออกเฉียงเหนือ
178,ถ้ำสูง (เลย),4,ถ้ำ,แหล่งธรรมชาติของท้องถิ่น,ปวนพุ ,หนองหิน,เลย,ตะวันออกเฉียงเหนือ
179,ถ้ำคิววิว,4,ถ้ำ,แหล่งธรรมชาติของท้องถิ่น,ศรีฐาน,ภูกระดึง,เลย,ตะวันออกเฉียงเหนือ
180,ถ้ำผาเกิ้ง-ผานาง,4,ถ้ำ,แหล่งธรรมชาติของท้องถิ่น,ผาอินทร์แปลง,เอราวัณ,เลย,ตะวันออกเฉียงเหนือ
181,ถ้ำผาฆ้อง 1,4,ถ้ำ,แหล่งธรรมชาติของท้องถิ่น,ผานกเค้า,ภูกระดึง,เลย,ตะวันออกเฉียงเหนือ
182,ถ้ำผาฆ้อง 2,4,ถ้ำ,แหล่งธรรมชาติของท้องถิ่น,ผานกเค้า,ภูกระดึง,เลย,ตะวันออกเฉียงเหนือ
183,ถ้ำผาสิงห์,4,ถ้ำ,แหล่งธรรมชาติของท้องถิ่น,หนองหญ้าปล้อง,วังสะพุง ,เลย,ตะวันออกเฉียงเหนือ
184,ถ้ำผาลาย,4,ถ้ำ,แหล่งธรรมชาติของท้องถิ่น,กกปลาซิว,ภูพาน,สกลนคร,ตะวันออกเฉียงเหนือ
185,ถ้ำผาผักหวาน,4,ถ้ำ,แหล่งธรรมชาติของท้องถิ่น,ท่าศิลา ,ส่องดาว,สกลนคร,ตะวันออกเฉียงเหนือ
186,ถ้ำผาลาย,4,ถ้ำ,แหล่งธรรมชาติของท้องถิ่น,กกปลาซิว,ภูพาน,สกลนคร,ตะวันออกเฉียงเหนือ
187,ถ้ำมึ้ม (วัดพระพุทธบาทภูเก้า),4,ถ้ำ,แหล่งธรรมชาติของท้องถิ่น,นิคมพัฒนา,โนนสัง,หนองบัวลำภู,ตะวันออกเฉียงเหนือ
188,ถ้ำสูง (อุดรธานี),4,ถ้ำ,แหล่งธรรมชาติของท้องถิ่น,กลางใหญ่,บ้านผือ,อุดรธานี,ตะวันออกเฉียงเหนือ
189,ถ้ำเกิ้ง หรือถ้ำกวาง,4,ถ้ำ,แหล่งธรรมชาติของท้องถิ่น,เมืองพาน,บ้านผือ,อุดรธานี,ตะวันออกเฉียงเหนือ
190,ถ้ำไก่ หรือถ้ำคาย,4,ถ้ำ,แหล่งธรรมชาติของท้องถิ่น,กลางใหญ่,บ้านผือ ,อุดรธานี,ตะวันออกเฉียงเหนือ
191,ถ้ำวัว-ถ้ำคน,4,ถ้ำ,แหล่งธรรมชาติของท้องถิ่น,เมืองพาน,บ้านผือ ,อุดรธานี,ตะวันออกเฉียงเหนือ
192,ถ้ำช้าง (วัดพระพุทธบาทบัวบก),4,ถ้ำ,แหล่งธรรมชาติของท้องถิ่น,เมืองพาน,บ้านผือ,อุดรธานี,ตะวันออกเฉียงเหนือ
193,ถ้ำนายบาง หรือถ้ำซำเม็ก,4,ถ้ำ,แหล่งธรรมชาติของท้องถิ่น,เมืองพาน,บ้านผือ,อุดรธานี,ตะวันออกเฉียงเหนือ
194,ถ้ำมือแดง (อุดรธานี),4,ถ้ำ,แหล่งธรรมชาติของท้องถิ่น,เมืองพาน,บ้านผือ,อุดรธานี,ตะวันออกเฉียงเหนือ
195,ถ้ำลายหรือภูผาผึ้ง,4,ถ้ำ,แหล่งธรรมชาติของท้องถิ่น,กลางใหญ่,บ้านผือ,อุดรธานี,ตะวันออกเฉียงเหนือ
196,ถ้ำลายมือ (อุบลราชธานี),4,ถ้ำ,แหล่งธรรมชาติของท้องถิ่น,นาโพธิ์กลาง,โขงเจียม,อุบลราชธานี,ตะวันออกเฉียงเหนือ
197,ผาหมอน,4,ถ้ำ,แหล่งธรรมชาติของท้องถิ่น,ห้วยไผ่,โขงเจียม ,อุบลราชธานี,ตะวันออกเฉียงเหนือ
198,ถ้ำเขาช้างหาย,4,ถ้ำ,แหล่งธรรมชาติของท้องถิ่น,นาหมื่นศรี ,นาโยง ,ตรัง,ใต้
199,ถ้ำแก้วสุรกานต์,4,ถ้ำ,แหล่งธรรมชาติของท้องถิ่น,เขาแก้ว,ลานสกา,นครศรีธรรมราช,ใต้
200,ถ้ำวังนายพุด,4,ถ้ำ,แหล่งธรรมชาติของท้องถิ่น,วังอ่าง,ชะอวด,นครศรีธรรมราช,ใต้
201,ถ้ำเขาดินถิ่นพำนัก,4,ถ้ำ,แหล่งธรรมชาติของท้องถิ่น,ชัยบุรี,เมืองพัทลุง,พัทลุง,ใต้
202,ถ้ำคูหาสวรรค์,4,ถ้ำ,แหล่งธรรมชาติของท้องถิ่น,คูหาสวรรค์,เมืองพัทลุง,พัทลุง,ใต้
203,ถ้ำพระเขาชัยสน และถ้ำล่องลมเขาชัยสน,4,ถ้ำ,แหล่งธรรมชาติของท้องถิ่น,เขาชัยสน,เขาชัยสน,พัทลุง,ใต้
204,ถ้ำพระเขาปู่ (ถ้ำตาปู่หรือถ้ำรื่นเทพนิมิต),4,ถ้ำ,แหล่งธรรมชาติของท้องถิ่น,เขาปู่,ศรีบรรพต,พัทลุง,ใต้
205,ถ้ำเขาพังอิฐ,4,ถ้ำ,แหล่งธรรมชาติของท้องถิ่น,แพรกหา,ควนขนุน,พัทลุง,ใต้
206,ถ้ำฉัททันต์บรรพต (วัดเขาอ้อ),4,ถ้ำ,แหล่งธรรมชาติของท้องถิ่น,มะกอกเหนือ,ควนขนุน,พัทลุง,ใต้
207,ถ้ำพุทธโคดม,4,ถ้ำ,แหล่งธรรมชาติของท้องถิ่น,บ้านนา,ศรีนครินทร์,พัทลุง,ใต้
208,ถ้ำมัจฉา,4,ถ้ำ,แหล่งธรรมชาติของท้องถิ่น,เขาปู่,ศรีบรรพต,พัทลุง,ใต้
209,ถ้ำมาลัยเทพนิมิต,4,ถ้ำ,แหล่งธรรมชาติของท้องถิ่น,คูหาสวรรค์,เมืองพัทลุง,พัทลุง,ใต้
210,ถ้ำยายหอม,4,ถ้ำ,แหล่งธรรมชาติของท้องถิ่น,เขาชัยสน,เขาชัยสน,พัทลุง,ใต้
211,ถ้ำลำสินธุ์ (ถ้ำพระพุทธวิหาร),4,ถ้ำ,แหล่งธรรมชาติของท้องถิ่น,ลำสินธุ์,ศรีนครินทร์,พัทลุง,ใต้
212,ถ้ำอุทการาม,4,ถ้ำ,แหล่งธรรมชาติของท้องถิ่น,บ้านนา,ศรีนครินทร์,พัทลุง,ใต้
213,ถ้ำจระเข้,4,ถ้ำ,แหล่งธรรมชาติของท้องถิ่น,เกาะตะรุเตา,เมืองสตูล,สตูล,ใต้
214,ถ้ำภูผาเพชร,4,ถ้ำ,แหล่งธรรมชาติของท้องถิ่น,ปาล์มพัฒนา,มะนัง,สตูล,ใต้
215,ถ้ำเลสเตโกดอน,4,ถ้ำ,แหล่งธรรมชาติของท้องถิ่น,ทุ่งหว้า,ทุ่งหว้า,สตูล,ใต้
216,น้ำตกผาเสื่อ,5,น้ำตก,แหล่งธรรมชาติอันควรอนุรักษ์,ห้วยผา,เมืองแม่ฮ่องสอน,แม่ฮ่องสอน,เหนือ
217,น้ำตกแม่สุรินทร์,5,น้ำตก,แหล่งธรรมชาติอันควรอนุรักษ์,แม่อูคอ,ขุนยวม,แม่ฮ่องสอน,เหนือ
218,น้ำตกห้วยแก้ว,5,น้ำตก,แหล่งธรรมชาติอันควรอนุรักษ์,ช้างเผือก สุเทพ,เมืองเชียงใหม่,เชียงใหม่,เหนือ
219,น้ำตกแม่ยะ,5,น้ำตก,แหล่งธรรมชาติอันควรอนุรักษ์,บ้านหลวง,จอมทอง,เชียงใหม่,เหนือ
220,น้ำตกแม่กลาง,5,น้ำตก,แหล่งธรรมชาติอันควรอนุรักษ์,บ้านหลวง,จอมทอง,เชียงใหม่,เหนือ
221,น้ำตกแม่สา,5,น้ำตก,แหล่งธรรมชาติอันควรอนุรักษ์,แม่แรม,แม่ริม,เชียงใหม่,เหนือ
222,น้ำตกขุนกรณ์,5,น้ำตก,แหล่งธรรมชาติอันควรอนุรักษ์,แม่กรณ์,เมืองเชียงราย,เชียงราย,เหนือ
223,น้ำตกปูแกง,5,น้ำตก,แหล่งธรรมชาติอันควรอนุรักษ์,แม่เย็น,พาน,เชียงราย,เหนือ
224,น้ำตกภูซาง,5,น้ำตก,แหล่งธรรมชาติอันควรอนุรักษ์,ภูซาง,ภูซาง,พะเยา,เหนือ
225,น้ำตกจำปาทอง,5,น้ำตก,แหล่งธรรมชาติอันควรอนุรักษ์,บ้านต๊ำ,เมืองพะเยา,พะเยา,เหนือ
226,น้ำตกแม่ก้อ (ก้อหลวง),5,น้ำตก,แหล่งธรรมชาติอันควรอนุรักษ์,ก้อ,ลี้,ลำพูน,เหนือ
227,น้ำตกวังแก้ว,5,น้ำตก,แหล่งธรรมชาติอันควรอนุรักษ์,วังแก้ว,วังเหนือ,ลำปาง,เหนือ
228,น้ำตกห้วยโรง,5,น้ำตก,แหล่งธรรมชาติอันควรอนุรักษ์,ห้วยโรง,ร้องกวาง,แพร่,เหนือ
229,น้ำตกศิลาเพชร,5,น้ำตก,แหล่งธรรมชาติอันควรอนุรักษ์,ศิลาเพชร,ปัว,น่าน,เหนือ
230,น้ำตกธารารักษ์,5,น้ำตก,แหล่งธรรมชาติอันควรอนุรักษ์,มหาวัน,แม่สอด,ตาก,ตะวันตก
231,น้ำตกลานสาง,5,น้ำตก,แหล่งธรรมชาติอันควรอนุรักษ์,แม่ท้อ,เมืองตาก,ตาก,ตะวันตก
232,น้ำตกพาเจริญ,5,น้ำตก,แหล่งธรรมชาติอันควรอนุรักษ์,ช่องแคบ,พบพระ,ตาก,ตะวันตก
233,น้ำตกทีลอซู,5,น้ำตก,แหล่งธรรมชาติอันควรอนุรักษ์,แม่จัน,อุ้มผาง,ตาก,ตะวันตก
234,น้ำตกคลองลาน,5,น้ำตก,แหล่งธรรมชาติอันควรอนุรักษ์,คลองลานพัฒนา,คลองลาน,กำแพงเพชร,กลาง
235,น้ำตกคลองน้ำไหล (น้ำตกปางควาย),5,น้ำตก,แหล่งธรรมชาติอันควรอนุรักษ์,คลองน้ำไหล,คลองลาน,กำแพงเพชร,กลาง
236,น้ำตกชาติตระการ,5,น้ำตก,แหล่งธรรมชาติอันควรอนุรักษ์,ชาติตระการ,ชาติตระการ,พิษณุโลก,กลาง
237,น้ำตกแก่งโสภา,5,น้ำตก,แหล่งธรรมชาติอันควรอนุรักษ์,บ้านแยง,วังทอง,พิษณุโลก,กลาง
238,น้ำตกปอย,5,น้ำตก,แหล่งธรรมชาติอันควรอนุรักษ์,แก่งโสภา,วังทอง,พิษณุโลก,กลาง
239,น้ำตกสายรุ้ง,5,น้ำตก,แหล่งธรรมชาติอันควรอนุรักษ์,บ้านน้ำพุ,คีรีมาศ,สุโขทัย,กลาง
240,น้ำตกตาดดาว,5,น้ำตก,แหล่งธรรมชาติอันควรอนุรักษ์,บ้านแก่ง,ศรีสัชนาลัย,สุโขทัย,กลาง
241,น้ำตกศรีดิษฐ์,5,น้ำตก,แหล่งธรรมชาติอันควรอนุรักษ์,เขาค้อ,เขาค้อ,เพชรบูรณ์,กลาง
242,น้ำตกตาดหมอก,5,น้ำตก,แหล่งธรรมชาติอันควรอนุรักษ์,นาป่า,เมืองเพชรบูรณ์,เพชรบูรณ์,กลาง
243,น้ำตกไซเบอร์ (น้ำตกหินลาด),5,น้ำตก,แหล่งธรรมชาติอันควรอนุรักษ์,ทองหลาง,ห้วยคต,อุทัยธานี,กลาง
244,น้ำตกวังก้านเหลือง,5,น้ำตก,แหล่งธรรมชาติอันควรอนุรักษ์,ท่าดินดำ,ชัยบาดาล,ลพบุรี,กลาง
245,น้ำตกมวกเหล็ก,5,น้ำตก,แหล่งธรรมชาติอันควรอนุรักษ์,มิตรภาพ,มวกเหล็ก,สระบุรี,กลาง
246,น้ำตกเจ็ดสาวน้อย,5,น้ำตก,แหล่งธรรมชาติอันควรอนุรักษ์,มวกเหล็ก,มวกเหล็ก,สระบุรี,กลาง
247,น้ำตกเขาพัง (น้ำตกไทรโยคน้อย),5,น้ำตก,แหล่งธรรมชาติอันควรอนุรักษ์,ท่าเสา,ไทรโยค,กาญจนบุรี,ตะวันตก
248,น้ำตกไทรโยคใหญ่,5,น้ำตก,แหล่งธรรมชาติอันควรอนุรักษ์,ไทรโยค,ไทรโยค,กาญจนบุรี,ตะวันตก
249,น้ำตกห้วยแม่ขมิ้น,5,น้ำตก,แหล่งธรรมชาติอันควรอนุรักษ์,แม่กระบุง,ศรีสวัสดิ์,กาญจนบุรี,ตะวันตก
250,น้ำตกเอราวัณ (เขาสลอบ),5,น้ำตก,แหล่งธรรมชาติอันควรอนุรักษ์,ท่ากระดาน,ศรีสวัสดิ์,กาญจนบุรี,ตะวันตก
251,น้ำตกห้วยยาง,5,น้ำตก,แหล่งธรรมชาติอันควรอนุรักษ์,ห้วยยาง,ทับสะแก,ประจวบคีรีขันธ์,ตะวันตก
252,น้ำตกนางรอง,5,น้ำตก,แหล่งธรรมชาติอันควรอนุรักษ์,หินตั้ง,เมืองนครนายก,นครนายก,กลาง
253,น้ำตกสาริกา,5,น้ำตก,แหล่งธรรมชาติอันควรอนุรักษ์,สาริกา,เมืองนครนายก,นครนายก,กลาง
254,น้ำตกเขาอีโต้,5,น้ำตก,แหล่งธรรมชาติอันควรอนุรักษ์,บ้านพระ,เมืองปราจีนบุรี,ปราจีนบุรี,ตะวันออก
255,น้ำตกห้วยเกษียร,5,น้ำตก,แหล่งธรรมชาติอันควรอนุรักษ์,ดงขี้เหล็ก,เมืองปราจีนบุรี,ปราจีนบุรี,ตะวันออก
256,น้ำตกเขาชะเมา (น้ำตกคลองน้ำใส),5,น้ำตก,แหล่งธรรมชาติอันควรอนุรักษ์,น้ำเป็น,เขาชะเมา,ระยอง,ตะวันออก
257,น้ำตกธรรมรส,5,น้ำตก,แหล่งธรรมชาติอันควรอนุรักษ์,ป่ายุบใน,วังจันทร์,ระยอง,ตะวันออก
258,น้ำตกพลิ้ว,5,น้ำตก,แหล่งธรรมชาติอันควรอนุรักษ์,พลิ้ว,แหลมสิงห์,จันทบุรี,ตะวันออก
259,น้ำตกกระทิง,5,น้ำตก,แหล่งธรรมชาติอันควรอนุรักษ์,พลวง,เขาคิชฌกูฏ,จันทบุรี,ตะวันออก
260,น้ำตกตาดโตน (ชัยภูมิ),5,น้ำตก,แหล่งธรรมชาติอันควรอนุรักษ์,นาฝาย,เมืองชัยภูมิ,ชัยภูมิ,ตะวันออกเฉียงเหนือ
261,น้ำตกยูงทอง,5,น้ำตก,แหล่งธรรมชาติอันควรอนุรักษ์,นายูง,นายูง,อุดรธานี,ตะวันออกเฉียงเหนือ
262,น้ำตกเฒ่าโต้,5,น้ำตก,แหล่งธรรมชาติอันควรอนุรักษ์,หนองบัว,เมืองหนองบัวลำภู,หนองบัวลำภู,ตะวันออกเฉียงเหนือ
263,น้ำตกเจ็ดสีภูวัว,5,น้ำตก,แหล่งธรรมชาติอันควรอนุรักษ์,บ้านต้อง,เซกา,บึงกาฬ,ตะวันออกเฉียงเหนือ
264,น้ำตกธารทอง,5,น้ำตก,แหล่งธรรมชาติอันควรอนุรักษ์,ผาตั้ง,สังคม,หนองคาย,ตะวันออกเฉียงเหนือ
265,น้ำตกธารทิพย์ (น้ำตกตาดเสริม),5,น้ำตก,แหล่งธรรมชาติอันควรอนุรักษ์,บ้านม่วง,สังคม,หนองคาย,ตะวันออกเฉียงเหนือ
266,น้ำตกคำหอม,5,น้ำตก,แหล่งธรรมชาติอันควรอนุรักษ์,ห้วยยาง,เมืองสกลนคร,สกลนคร,ตะวันออกเฉียงเหนือ
267,น้ำตกตาดโตน (สกลนคร),5,น้ำตก,แหล่งธรรมชาติอันควรอนุรักษ์,ห้วยยาง,เมืองสกลนคร,สกลนคร,ตะวันออกเฉียงเหนือ
268,น้ำตกตาดขาม,5,น้ำตก,แหล่งธรรมชาติอันควรอนุรักษ์,นางัว,บ้านแพง,นครพนม,ตะวันออกเฉียงเหนือ
269,น้ำตกตาดโพธิ์,5,น้ำตก,แหล่งธรรมชาติอันควรอนุรักษ์,ไผ่ล้อม,บ้านแพง,นครพนม,ตะวันออกเฉียงเหนือ
270,น้ำตกตาดโตน (มุกดาหาร),5,น้ำตก,แหล่งธรรมชาติอันควรอนุรักษ์,โนนยาง,หนองสูง,มุกดาหาร,ตะวันออกเฉียงเหนือ
271,น้ำตกตาดทอง,5,น้ำตก,แหล่งธรรมชาติอันควรอนุรักษ์,หนองผือ,เขาวง,กาฬสินธุ์,ตะวันออกเฉียงเหนือ
272,น้ำตกเหวสุวัต,5,น้ำตก,แหล่งธรรมชาติอันควรอนุรักษ์,หมูสี,ปากช่อง,นครราชสีมา,ตะวันออกเฉียงเหนือ
273,น้ำตกหลังเหว,5,น้ำตก,แหล่งธรรมชาติอันควรอนุรักษ์,ปากช่อง,ปากช่อง,นครราชสีมา,ตะวันออกเฉียงเหนือ
274,น้ำตกสำโรงเกียรติ (น้ำตกปีศาจ),5,น้ำตก,แหล่งธรรมชาติอันควรอนุรักษ์,บักคอง,ขุนหาญ,ศรีสะเกษ,ตะวันออกเฉียงเหนือ
275,น้ำตกห้วยจันทร์,5,น้ำตก,แหล่งธรรมชาติอันควรอนุรักษ์,ห้วยจันทร์,ขุนหาญ,ศรีสะเกษ,ตะวันออกเฉียงเหนือ
276,น้ำตกกะเปาะ,5,น้ำตก,แหล่งธรรมชาติอันควรอนุรักษ์,หงษ์เจริญ,ท่าแซะ,ชุมพร,ใต้
277,น้ำตกทับช้าง (ทุ่งตะโก),5,น้ำตก,แหล่งธรรมชาติอันควรอนุรักษ์,ตะโก,ทุ่งตะโก,ชุมพร,ใต้
278,น้ำตกเขาแพง,5,น้ำตก,แหล่งธรรมชาติอันควรอนุรักษ์,เกาะพะงัน,เกาะพะงัน,สุราษฎร์ธานี,ใต้
279,น้ำตกหินลาด (สุราษฎร์ธานี),5,น้ำตก,แหล่งธรรมชาติอันควรอนุรักษ์,อ่างทอง,เกาะสมุย,สุราษฎร์ธานี,ใต้
280,น้ำตกหน้าเมือง,5,น้ำตก,แหล่งธรรมชาติอันควรอนุรักษ์,หน้าเมือง,เกาะสมุย,สุราษฎร์ธานี,ใต้
281,น้ำตกพรหมโลก,5,น้ำตก,แหล่งธรรมชาติอันควรอนุรักษ์,บ้านเกาะ,พรหมคีรี,นครศรีธรรมราช,ใต้
282,น้ำตกโยง,5,น้ำตก,แหล่งธรรมชาติอันควรอนุรักษ์,ถ้ำใหญ่,ทุ่งสง,นครศรีธรรมราช,ใต้
283,น้ำตกบ้านโตน (น้ำตกโตนแพรทอง),5,น้ำตก,แหล่งธรรมชาติอันควรอนุรักษ์,ลำสินธ์ และ กงหรา,ศรีนครินทร์ และ กงหรา,พัทลุง,ใต้
284,น้ำตกหม่อมจุ้ย,5,น้ำตก,แหล่งธรรมชาติอันควรอนุรักษ์,ตะโหมด,ตะโหมด,พัทลุง,ใต้
285,น้ำตกโตนงาช้าง,5,น้ำตก,แหล่งธรรมชาติอันควรอนุรักษ์,ทุ่งตำเสา,หาดใหญ่,สงขลา,ใต้
286,น้ำตกบริพัตร,5,น้ำตก,แหล่งธรรมชาติอันควรอนุรักษ์,เขาพระ,รัตภูมิ,สงขลา,ใต้
287,น้ำตกทรายขาว,5,น้ำตก,แหล่งธรรมชาติอันควรอนุรักษ์,ทรายขาว,โคกโพธิ์,ปัตตานี,ใต้
288,น้ำตกสุขทาลัย (น้ำตกกือลอง),5,น้ำตก,แหล่งธรรมชาติอันควรอนุรักษ์,ตลิ่งชัน,บันนังสตา,ยะลา,ใต้
289,น้ำตกธารโต,5,น้ำตก,แหล่งธรรมชาติอันควรอนุรักษ์,ถ้ำทะลุ,บันนังสตา,ยะลา,ใต้
290,น้ำตกละอองรุ้ง,5,น้ำตก,แหล่งธรรมชาติอันควรอนุรักษ์,แม่หวาด,ธารโต,ยะลา,ใต้
291,น้ำตกฉัตรวาริน,5,น้ำตก,แหล่งธรรมชาติอันควรอนุรักษ์,โต๊ะเด็ง,สุไหงปาดี,นราธิวาส,ใต้
292,น้ำตกบาโจ (ปาโจ),5,น้ำตก,แหล่งธรรมชาติอันควรอนุรักษ์,บาเจาะ,บาเจาะ,นราธิวาส,ใต้
293,น้ำตกซีโป,5,น้ำตก,แหล่งธรรมชาติอันควรอนุรักษ์,เฉลิม,ระแงะ,นราธิวาส,ใต้
294,น้ำตกหงาว,5,น้ำตก,แหล่งธรรมชาติอันควรอนุรักษ์,หงาว,เมืองระนอง,ระนอง,ใต้
295,น้ำตกปุญญบาล,5,น้ำตก,แหล่งธรรมชาติอันควรอนุรักษ์,ทรายแดง,เมืองระนอง,ระนอง,ใต้
296,น้ำตกลำปี,5,น้ำตก,แหล่งธรรมชาติอันควรอนุรักษ์,ท้ายเหมือง,ท้ายเหมือง,พังงา,ใต้
297,น้ำตกโตนไทร,5,น้ำตก,แหล่งธรรมชาติอันควรอนุรักษ์,เทพกระษัตรี,ถลาง,ภูเก็ต,ใต้
298,น้ำตกโตนเต๊ะ,5,น้ำตก,แหล่งธรรมชาติอันควรอนุรักษ์,ปะเหลียน,ปะเหลียน,ตรัง,ใต้
299,น้ำตกตาดควัน,5,น้ำตก,แหล่งธรรมชาติของท้องถิ่น,ตาดควัน,พญาเม็งราย,เชียงราย,เหนือ
300,น้ำตกศรีชมภู,5,น้ำตก,แหล่งธรรมชาติของท้องถิ่น,ยางฮอม,ขุนตาล,เชียงราย,เหนือ
301,น้ำตกแม่กำปอง,5,น้ำตก,แหล่งธรรมชาติของท้องถิ่น,ห้วยแก้ว,แม่ออน,เชียงใหม่,เหนือ
302,น้ำตกนางเพลิน,5,น้ำตก,แหล่งธรรมชาติของท้องถิ่น,สันทราย,สันทราย,เชียงใหม่,เหนือ
303,น้ำตกห้วยป่าพลู,5,น้ำตก,แหล่งธรรมชาติของท้องถิ่น,สันทราย,พร้าว,เชียงใหม่,เหนือ
304,น้ำตกตาดหลวง,5,น้ำตก,แหล่งธรรมชาติของท้องถิ่น,อวน,ปัว,น่าน,เหนือ
305,น้ำตกสะปัน,5,น้ำตก,แหล่งธรรมชาติของท้องถิ่น,ดงพญา,บ่อเกลือ ,น่าน,เหนือ
306,น้ำตกห้วยตี๋,5,น้ำตก,แหล่งธรรมชาติของท้องถิ่น,ดงพญา,บ่อเกลือ ,น่าน,เหนือ
307,น้ำตกห้วยระพี,5,น้ำตก,แหล่งธรรมชาติของท้องถิ่น,สะเนียน,เมืองน่าน,น่าน,เหนือ
308,น้ำตกบ้านเด่น,5,น้ำตก,แหล่งธรรมชาติของท้องถิ่น,ดงพญา,บ่อเกลือ ,น่าน,เหนือ
309,น้ำตกแม่เกิ๋งหลวง,5,น้ำตก,แหล่งธรรมชาติของท้องถิ่น,แม่เกิ๋ง,วังชิ้น,แพร่,เหนือ
310,น้ำตกนางครวญ,5,น้ำตก,แหล่งธรรมชาติของท้องถิ่น,ชะแล,ทองผาภูมิ,กาญจนบุรี,ตะวันตก
311,น้ำตกเหวนรก,5,น้ำตก,แหล่งธรรมชาติของท้องถิ่น,หินลาด,ปากพลี,นครนายก,กลาง
312,น้ำตกคลองไพบูลย์,5,น้ำตก,แหล่งธรรมชาติของท้องถิ่น,ตะเคียนทอง,เขาคิชฌกูฏ,จันทบุรี,ตะวันออก
313,น้ำตกเขาบรรจบ,5,น้ำตก,แหล่งธรรมชาติของท้องถิ่น,ฉมัน,มะขาม,จันทบุรี,ตะวันออก
314,น้ำตกคลองพลู,5,น้ำตก,แหล่งธรรมชาติของท้องถิ่น,เกาะช้าง,เกาะช้าง,ตราด,ตะวันออก
315,น้ำตกปางสีดา,5,น้ำตก,แหล่งธรรมชาติของท้องถิ่น,วัฒนานคร,วัฒนานคร,สระแก้ว,ตะวันออก
316,น้ำตกตาดทิดมี,5,น้ำตก,แหล่งธรรมชาติของท้องถิ่น,วังสวาบ ,ภูผาม่าน,ขอนแก่น,ตะวันออกเฉียงเหนือ
317,น้ำตกถ้ำฝุ่น,5,น้ำตก,แหล่งธรรมชาติของท้องถิ่น,หนองเดิ่น ,บุ่งคล้า,บึงกาฬ,ตะวันออกเฉียงเหนือ
318,น้ำตกถ้ำพระ,5,น้ำตก,แหล่งธรรมชาติของท้องถิ่น,โสกก่าม,เซกา,บึงกาฬ,ตะวันออกเฉียงเหนือ
319,น้ำตกหมันแดง,5,น้ำตก,แหล่งธรรมชาติของท้องถิ่น,กกสะทอน,ด่านซ้าย,เลย,ตะวันออกเฉียงเหนือ
320,น้ำตกปลาบ่า,5,น้ำตก,แหล่งธรรมชาติของท้องถิ่น,ปลาบ่า,ภูเรือ,เลย,ตะวันออกเฉียงเหนือ
321,น้ำตกซำไทร,5,น้ำตก,แหล่งธรรมชาติของท้องถิ่น,กันทรอม ,ขุนหาญ,ศรีสะเกษ,ตะวันออกเฉียงเหนือ
322,น้ำตกห้วยสวาย,5,น้ำตก,แหล่งธรรมชาติของท้องถิ่น,ดงรัก,ภูสิงห์,ศรีสะเกษ,ตะวันออกเฉียงเหนือ
323,น้ำตกห้วยวังใหญ่,5,น้ำตก,แหล่งธรรมชาติของท้องถิ่น,เสียว,เบญจลักษ์,ศรีสะเกษ,ตะวันออกเฉียงเหนือ
324,น้ำตกภูละออ,5,น้ำตก,แหล่งธรรมชาติของท้องถิ่น,เสาธงชัย ,กันทรลักษ์,ศรีสะเกษ,ตะวันออกเฉียงเหนือ
325,น้ำตกปรีชาสุขสันต์,5,น้ำตก,แหล่งธรรมชาติของท้องถิ่น,ขมิ้น,เมืองสกลนคร,สกลนคร,ตะวันออกเฉียงเหนือ
326,น้ำตกรากไทรย้อย,5,น้ำตก,แหล่งธรรมชาติของท้องถิ่น,จันทร์เพ็ญ,เต่างอย,สกลนคร,ตะวันออกเฉียงเหนือ
327,น้ำตกผาผึ้ง,5,น้ำตก,แหล่งธรรมชาติของท้องถิ่น,จันทร์เพ็ญ,เต่างอย,สกลนคร,ตะวันออกเฉียงเหนือ
328,น้ำตกคำน้ำสร้าง,5,น้ำตก,แหล่งธรรมชาติของท้องถิ่น,จันทร์เพ็ญ,เต่างอย,สกลนคร,ตะวันออกเฉียงเหนือ
329,น้ำตกไตรคีรี,5,น้ำตก,แหล่งธรรมชาติของท้องถิ่น,จรัส,บัวเชด,สุรินทร์,ตะวันออกเฉียงเหนือ
330,น้ำตกตาดไฮ,5,น้ำตก,แหล่งธรรมชาติของท้องถิ่น,โคกสะอาด,น้ำขุ่น,อุบลราชธานี,ตะวันออกเฉียงเหนือ
331,น้ำตกสร้อยสวรรค์,5,น้ำตก,แหล่งธรรมชาติของท้องถิ่น,นาโพธิ์กลาง,โขงเจียม,อุบลราชธานี,ตะวันออกเฉียงเหนือ
332,น้ำตกแสงจันทร์ (น้ำตกลงรู),5,น้ำตก,แหล่งธรรมชาติของท้องถิ่น,นาโพธิ์กลาง,โขงเจียม,อุบลราชธานี,ตะวันออกเฉียงเหนือ
333,น้ำตกห้วยหลวง,5,น้ำตก,แหล่งธรรมชาติของท้องถิ่น,นาจะหลวย ,นาจะหลวย,อุบลราชธานี,ตะวันออกเฉียงเหนือ
334,น้ำตกห้วยโต้,5,น้ำตก,แหล่งธรรมชาติของท้องถิ่น,ทับปริก,เมืองกระบี่,กระบี่,ใต้
335,น้ำตกกรุงชิง,5,น้ำตก,แหล่งธรรมชาติของท้องถิ่น,กรุงชิง ,นบพิตำ,นครศรีธรรมราช,ใต้
336,น้ำตกกะโรม,5,น้ำตก,แหล่งธรรมชาติของท้องถิ่น,เขาแก้ว,ลานสกา,นครศรีธรรมราช,ใต้
337,น้ำตกท่าแพ,5,น้ำตก,แหล่งธรรมชาติของท้องถิ่น,ช้างกลาง ,ช้างกลาง,นครศรีธรรมราช,ใต้
338,น้ำตกเหนือฟ้า,5,น้ำตก,แหล่งธรรมชาติของท้องถิ่น,พิปูน,พิปูน,นครศรีธรรมราช,ใต้
339,น้ำตกอ้ายเขียว,5,น้ำตก,แหล่งธรรมชาติของท้องถิ่น,ทอนหงส์,พรหมคีรี,นครศรีธรรมราช,ใต้
340,น้ำตกหนานปลิว,5,น้ำตก,แหล่งธรรมชาติของท้องถิ่น,นาหลวงเสน,ทุ่งสง,นครศรีธรรมราช,ใต้
341,น้ำตกโตนไพร,5,น้ำตก,แหล่งธรรมชาติของท้องถิ่น,ท้ายเหมือง,ท้ายเหมือง,พังงา,ใต้
342,น้ำตกเขาคราม,5,น้ำตก,แหล่งธรรมชาติของท้องถิ่น,บ้านนา,ศรีนครินทร์,พัทลุง,ใต้
343,น้ำตกไพรวัลย์ ,5,น้ำตก,แหล่งธรรมชาติของท้องถิ่น,คลองเฉลิม,กงหรา,พัทลุง,ใต้
344,น้ำตกโตนตาดฟ้า,5,น้ำตก,แหล่งธรรมชาติของท้องถิ่น,คลองกวาง,นาทวี,สงขลา,ใต้
345,น้ำตกวังสายทอง,5,น้ำตก,แหล่งธรรมชาติของท้องถิ่น,น้ำผุด,ละงู,สตูล,ใต้
346,น้ำตกแม่ยาย,5,น้ำตก,แหล่งธรรมชาติของท้องถิ่น,คลองศก,พนม,สุราษฎร์ธานี,ใต้
347,น้ำตกวิ่งหิน,5,น้ำตก,แหล่งธรรมชาติของท้องถิ่น,คลองศก,พนม,สุราษฎร์ธานี,ใต้
348,น้ำตกธารเสด็จ,5,น้ำตก,แหล่งธรรมชาติของท้องถิ่น,เกาะพะงัน,เกาะพะงัน,สุราษฎร์ธานี,ใต้
349,น้ำตกเขาหัวควาย,5,น้ำตก,แหล่งธรรมชาติของท้องถิ่น,เขาหัวควาย,พุนพิน,สุราษฎร์ธานี,ใต้
350,โป่งเดือดป่าแป๋,6,โป่งน้ำพุร้อน,แหล่งธรรมชาติอันควรอนุรักษ์,ป่าแป๋,แม่แตง,เชียงใหม่,เหนือ
351,บ่อน้ำร้อนฝาง,6,โป่งน้ำพุร้อน,แหล่งธรรมชาติอันควรอนุรักษ์,โป่งน้ำร้อน,ฝาง,เชียงใหม่,เหนือ
352,น้ำตกแจ้ช้อน-น้ำพุร้อนแจซ้อน,6,โป่งน้ำพุร้อน,แหล่งธรรมชาติอันควรอนุรักษ์,แจ้ซ้อน,เมืองปาน,ลำปาง,เหนือ
353,บ่อน้ำร้อนแร่ธรรมชาติ (รักษะวาริน),6,โป่งน้ำพุร้อน,แหล่งธรรมชาติอันควรอนุรักษ์,บางริ้น,เมืองระนอง,ระนอง,ใต้
354,โป่งนาคำ,6,โป่งพุร้อน,แหล่งธรรมชาติของท้องถิ่น,,เมือง,เชียงราย,เหนือ
355,ยางผาเคียว,6,โป่งพุร้อน,แหล่งธรรมชาติของท้องถิ่น,,เมือง,เชียงราย,เหนือ
356,โป่งน้ำร้อน,6,โป่งพุร้อน,แหล่งธรรมชาติของท้องถิ่น,,เมือง,เชียงราย,เหนือ
357,แม่จัน,6,โป่งพุร้อน,แหล่งธรรมชาติของท้องถิ่น,,แม่จัน,เชียงราย,เหนือ
358,โป่งปู่เฟือง,6,โป่งพุร้อน,แหล่งธรรมชาติของท้องถิ่น,,แม่สรวย,เชียงราย,เหนือ
359,สบโป่ง,6,โป่งพุร้อน,แหล่งธรรมชาติของท้องถิ่น,,เวียงป่าเป้า,เชียงราย,เหนือ
360,ห้วยทรายขาว,6,โป่งพุร้อน,แหล่งธรรมชาติของท้องถิ่น,,พาน,เชียงราย,เหนือ
361,โปร่งพระบาท,6,โป่งพุร้อน,แหล่งธรรมชาติของท้องถิ่น,,เมือง,เชียงราย,เหนือ
362,นาโป่ง,6,โป่งพุร้อน,แหล่งธรรมชาติของท้องถิ่น,,แม่จัน,เชียงราย,เหนือ
363,สันกำแพง,6,โป่งพุร้อน,แหล่งธรรมชาติของท้องถิ่น,,แม่ออน,เชียงใหม่,เหนือ
364,ดอยสะเก็ด,6,โป่งพุร้อน,แหล่งธรรมชาติของท้องถิ่น,,ดอยสะเก็ด,เชียงใหม่,เหนือ
365,เทพนม,6,โป่งพุร้อน,แหล่งธรรมชาติของท้องถิ่น,,แม่แจ่ม,เชียงใหม่,เหนือ
366,โป่งเหม็น,6,โป่งพุร้อน,แหล่งธรรมชาติของท้องถิ่น,,แม่แจ่ม,เชียงใหม่,เหนือ
367,ปิงโค้ง,6,โป่งพุร้อน,แหล่งธรรมชาติของท้องถิ่น,,เชียงดาว,เชียงใหม่,เหนือ
368,บ้านโป่งอ่าง,6,โป่งพุร้อน,แหล่งธรรมชาติของท้องถิ่น,,เชียงดาว,เชียงใหม่,เหนือ
369,บ้านโป่งโรงวัว,6,โป่งพุร้อน,แหล่งธรรมชาติของท้องถิ่น,,เชียงดาว,เชียงใหม่,เหนือ
370,บ้านยางทุ่งโป่ง,6,โป่งพุร้อน,แหล่งธรรมชาติของท้องถิ่น,,เชียงดาว,เชียงใหม่,เหนือ
371,บ้านโป่ง,6,โป่งพุร้อน,แหล่งธรรมชาติของท้องถิ่น,,พร้าว,เชียงใหม่,เหนือ
372,หนองครก,6,โป่งพุร้อน,แหล่งธรรมชาติของท้องถิ่น,,พร้าว,เชียงใหม่,เหนือ
373,บ้านห้วยงู,6,โป่งพุร้อน,แหล่งธรรมชาติของท้องถิ่น,,พร้าว,เชียงใหม่,เหนือ
374,โป่งเย็น,6,โป่งพุร้อน,แหล่งธรรมชาติของท้องถิ่น,,พร้าว,เชียงใหม่,เหนือ
375,บ้านประดู่,6,โป่งพุร้อน,แหล่งธรรมชาติของท้องถิ่น,,พร้าว,เชียงใหม่,เหนือ
376,มะลิกา,6,โป่งพุร้อน,แหล่งธรรมชาติของท้องถิ่น,,แม่อาย,เชียงใหม่,เหนือ
377,ผาบ่อง,6,โป่งพุร้อน,แหล่งธรรมชาติของท้องถิ่น,,เมือง,แม่ฮ่องสอน,เหนือ
378,โป่งสัก,6,โป่งพุร้อน,แหล่งธรรมชาติของท้องถิ่น,,ปาย,แม่ฮ่องสอน,เหนือ
379,โป่งไหม้,6,โป่งพุร้อน,แหล่งธรรมชาติของท้องถิ่น,,ปาย,แม่ฮ่องสอน,เหนือ
380,โป่งปะ,6,โป่งพุร้อน,แหล่งธรรมชาติของท้องถิ่น,,ปาย,แม่ฮ่องสอน,เหนือ
381,เหมืองแร่,6,โป่งพุร้อน,แหล่งธรรมชาติของท้องถิ่น,,ปาย,แม่ฮ่องสอน,เหนือ
382,แม่นะ,6,โป่งพุร้อน,แหล่งธรรมชาติของท้องถิ่น,,ปาย,แม่ฮ่องสอน,เหนือ
383,เมืองแปง,6,โป่งพุร้อน,แหล่งธรรมชาติของท้องถิ่น,,ปาย,แม่ฮ่องสอน,เหนือ
384,แม่ฮี้,6,โป่งพุร้อน,แหล่งธรรมชาติของท้องถิ่น,,ปาย,แม่ฮ่องสอน,เหนือ
385,แม่ฮุ,6,โป่งพุร้อน,แหล่งธรรมชาติของท้องถิ่น,,แม่ลาน้อย,แม่ฮ่องสอน,เหนือ
386,แม่อุมลองหลวง,6,โป่งพุร้อน,แหล่งธรรมชาติของท้องถิ่น,,แม่สะเรียง,แม่ฮ่องสอน,เหนือ
387,หนองแห้ง,6,โป่งพุร้อน,แหล่งธรรมชาติของท้องถิ่น,,ขุนยวม,แม่ฮ่องสอน,เหนือ
388,เหมืองเทพนิธิ,6,โป่งพุร้อน,แหล่งธรรมชาติของท้องถิ่น,,แม่ทา,ลำพูน,เหนือ
389,หนองหล่ม,6,โป่งพุร้อน,แหล่งธรรมชาติของท้องถิ่น,,เมือง,ลำพูน,เหนือ
390,เวียงเหนือ,6,โป่งพุร้อน,แหล่งธรรมชาติของท้องถิ่น,,ห้างฉัตร,ลำปาง,เหนือ
391,บ้านโป่งน้ำร้อน,6,โป่งพุร้อน,แหล่งธรรมชาติของท้องถิ่น,,เกาะคา,ลำปาง,เหนือ
392,โป่งน้ำร้อน,6,โป่งพุร้อน,แหล่งธรรมชาติของท้องถิ่น,,เสริมงาม,ลำปาง,เหนือ
393,โป่งเหม็น,6,โป่งพุร้อน,แหล่งธรรมชาติของท้องถิ่น,,ห้างฉัตร,ลำปาง,เหนือ
394,ห้วยน้ำร้อน,6,โป่งพุร้อน,แหล่งธรรมชาติของท้องถิ่น,,งาว,ลำปาง,เหนือ
395,โป่งน้ำร้อน,6,โป่งพุร้อน,แหล่งธรรมชาติของท้องถิ่น,,ห้างฉัตร,ลำปาง,เหนือ
396,ปันเจน,6,โป่งพุร้อน,แหล่งธรรมชาติของท้องถิ่น,,วังชิ้น,แพร่,เหนือ
397,แม่จอก,6,โป่งพุร้อน,แหล่งธรรมชาติของท้องถิ่น,,วังชิ้น,แพร่,เหนือ
398,โป่งน้ำร้อน,6,โป่งพุร้อน,แหล่งธรรมชาติของท้องถิ่น,,ลอง,แพร่,เหนือ
399,วัดสะแล่ง,6,โป่งพุร้อน,แหล่งธรรมชาติของท้องถิ่น,,ลอง,แพร่,เหนือ
400,ห้วยน้ำอุ่น,6,โป่งพุร้อน,แหล่งธรรมชาติของท้องถิ่น,,เวียงสา,น่าน,เหนือ
401,โป่งลำปาง,6,โป่งพุร้อน,แหล่งธรรมชาติของท้องถิ่น,,ศรีสัชนาลัย,สุโขทัย,กลาง
402,บ่อน้ำร้อน,6,โป่งพุร้อน,แหล่งธรรมชาติของท้องถิ่น,,ศรีสัชนาลัย,สุโขทัย,กลาง
403,บ้านแม่กาษา,6,โป่งพุร้อน,แหล่งธรรมชาติของท้องถิ่น,,แม่สอด,ตาก,ตะวันตก
404,ห้วยโป่งร้อน,6,โป่งพุร้อน,แหล่งธรรมชาติของท้องถิ่น,,แม่ระมาด,ตาก,ตะวันตก
405,ห้วยน้ำนัก,6,โป่งพุร้อน,แหล่งธรรมชาติของท้องถิ่น,,พบพระ,ตาก,ตะวันตก
406,ห้วยแม่แล,6,โป่งพุร้อน,แหล่งธรรมชาติของท้องถิ่น,,อุ้มผาง,ตาก,ตะวันตก
407,ห้วยแม่กลอง,6,โป่งพุร้อน,แหล่งธรรมชาติของท้องถิ่น,,อุ้มผาง,ตาก,ตะวันตก
408,พระร่วง,6,โป่งพุร้อน,แหล่งธรรมชาติของท้องถิ่น,,เมือง,กำแพงเพชร,กลาง
409,โป่งน้ำร้อน,6,โป่งพุร้อน,แหล่งธรรมชาติของท้องถิ่น,,คลองลาน,กำแพงเพชร,กลาง
410,อุทยานแห่งชาติแม่วงก์,6,โป่งพุร้อน,แหล่งธรรมชาติของท้องถิ่น,,คลองลาน,กำแพงเพชร,กลาง
411,บ้านน้ำร้อน,6,โป่งพุร้อน,แหล่งธรรมชาติของท้องถิ่น,,เมือง,เพชรบูรณ์,กลาง
412,บ้านวังขาม,6,โป่งพุร้อน,แหล่งธรรมชาติของท้องถิ่น,,ศรีเทพ,เพชรบูรณ์,กลาง
413,บ้านพุขาม,6,โป่งพุร้อน,แหล่งธรรมชาติของท้องถิ่น,,วิเชียรบุรี,เพชรบูรณ์,กลาง
414,บ้านพุเตย,6,โป่งพุร้อน,แหล่งธรรมชาติของท้องถิ่น,,วิเชียรบุรี,เพชรบูรณ์,กลาง
415,บ้านสมอทอง,6,โป่งพุร้อน,แหล่งธรรมชาติของท้องถิ่น,,ห้วยคต,อุทัยธานี,กลาง
416,เขาสมโภชน์,6,โป่งพุร้อน,แหล่งธรรมชาติของท้องถิ่น,,ชัยบาดาล,ลพบุรี,กลาง
417,บ้านพุน้ำร้อน,6,โป่งพุร้อน,แหล่งธรรมชาติของท้องถิ่น,,ด่านช้าง,สุพรรณบุรี,ตะวันตก
418,ท้องช้าง,6,โป่งพุร้อน,แหล่งธรรมชาติของท้องถิ่น,,ไทรโยค,กาญจนบุรี,ตะวันตก
419,หินดาด,6,โป่งพุร้อน,แหล่งธรรมชาติของท้องถิ่น,,ทองผาภูมิ,กาญจนบุรี,ตะวันตก
420,บ้านน้ำพุร้อน,6,โป่งพุร้อน,แหล่งธรรมชาติของท้องถิ่น,,ทองผาภูมิ,กาญจนบุรี,ตะวันตก
421,บ้านเขาพัง,6,โป่งพุร้อน,แหล่งธรรมชาติของท้องถิ่น,,ไทรโยค,กาญจนบุรี,ตะวันตก
422,บ้านต้นลำใย,6,โป่งพุร้อน,แหล่งธรรมชาติของท้องถิ่น,,หนองปรือ,กาญจนบุรี,ตะวันตก
423,บ้านพุน้ำร้อน,6,โป่งพุร้อน,แหล่งธรรมชาติของท้องถิ่น,,เมือง,กาญจนบุรี,ตะวันตก
424,บ้านพุน้ำร้อน,6,โป่งพุร้อน,แหล่งธรรมชาติของท้องถิ่น,,สวนผึ้ง,ราชบุรี,ตะวันตก
425,หนองหญ้าปล้อง,6,โป่งพุร้อน,แหล่งธรรมชาติของท้องถิ่น,,หนองหญ้าปล้อง,เพชรบุรี,ตะวันตก
426,บางพระ,6,โป่งพุร้อน,แหล่งธรรมชาติของท้องถิ่น,,ศรีราชา,ชลบุรี,ตะวันออก
427,โป่งน้ำร้อน,6,โป่งพุร้อน,แหล่งธรรมชาติของท้องถิ่น,,โป่งน้ำร้อน,จันทบุรี,ตะวันออก
428,ละแม (เขาพลู),6,โป่งพุร้อน,แหล่งธรรมชาติของท้องถิ่น,,ละแม,ชุมพร,ใต้
429,วัดตโปทาราม,6,โป่งพุร้อน,แหล่งธรรมชาติของท้องถิ่น,,เมือง,ระนอง,ใต้
430,บ้านทุ่งยอ,6,โป่งพุร้อน,แหล่งธรรมชาติของท้องถิ่น,,เมือง,ระนอง,ใต้
431,บ้านพรรั้ง,6,โป่งพุร้อน,แหล่งธรรมชาติของท้องถิ่น,,เมือง,ระนอง,ใต้
432,คลองบางริ้น,6,โป่งพุร้อน,แหล่งธรรมชาติของท้องถิ่น,,เมือง,ระนอง,ใต้
433,ราชกรูด,6,โป่งพุร้อน,แหล่งธรรมชาติของท้องถิ่น,,เมือง,ระนอง,ใต้
434,ห้วยน้ำร้อน,6,โป่งพุร้อน,แหล่งธรรมชาติของท้องถิ่น,,กะเปอร์,ระนอง,ใต้
435,บ้านน้ำพุร้อน,6,โป่งพุร้อน,แหล่งธรรมชาติของท้องถิ่น,,ไชยา,สุราษฎร์ธานี,ใต้
436,เขานางฮี,6,โป่งพุร้อน,แหล่งธรรมชาติของท้องถิ่น,,ไชยา,สุราษฎร์ธานี,ใต้
437,วัดธารน้ำร้อน,6,โป่งพุร้อน,แหล่งธรรมชาติของท้องถิ่น,,ท่าฉาง,สุราษฎร์ธานี,ใต้
438,บ้านบ่อน้ำร้อน,6,โป่งพุร้อน,แหล่งธรรมชาติของท้องถิ่น,,กาญจนดิษฐ์,สุราษฎร์ธานี,ใต้
439,บ้านวังหิน,6,โป่งพุร้อน,แหล่งธรรมชาติของท้องถิ่น,,นาสาร,สุราษฎร์ธานี,ใต้
440,บ้านเขาน้อย,6,โป่งพุร้อน,แหล่งธรรมชาติของท้องถิ่น,,คีรีรัฐนิคม,สุราษฎร์ธานี,ใต้
441,รัตนโกสัย,6,โป่งพุร้อน,แหล่งธรรมชาติของท้องถิ่น,,พุนพิน,สุราษฎร์ธานี,ใต้
442,บ้านเขาพลู,6,โป่งพุร้อน,แหล่งธรรมชาติของท้องถิ่น,,บ้านนาเดิม,สุราษฎร์ธานี,ใต้
443,บ้านเขาตอก,6,โป่งพุร้อน,แหล่งธรรมชาติของท้องถิ่น,,เคียนซา,สุราษฎร์ธานี,ใต้
444,อุทยานบ่อน้ำร้อน,6,โป่งพุร้อน,แหล่งธรรมชาติของท้องถิ่น,,บางขัน,นครศรีธรรมราช,ใต้
445,คลองปลายพู่,6,โป่งพุร้อน,แหล่งธรรมชาติของท้องถิ่น,,กะปง,พังงา,ใต้
446,รมณีย์,6,โป่งพุร้อน,แหล่งธรรมชาติของท้องถิ่น,,กะปง,พังงา,ใต้
447,บ้านบ่อดาน,6,โป่งพุร้อน,แหล่งธรรมชาติของท้องถิ่น,,ท้ายเหมือง,พังงา,ใต้
448,บ้านห้วยยูงตก,6,โป่งพุร้อน,แหล่งธรรมชาติของท้องถิ่น,,เหนือคลอง,กระบี่,ใต้
449,คลองบ่อน้ำร้อน,6,โป่งพุร้อน,แหล่งธรรมชาติของท้องถิ่น,,เหนือคลอง,กระบี่,ใต้
450,บางผึ้ง,6,โป่งพุร้อน,แหล่งธรรมชาติของท้องถิ่น,,คลองท่อม,กระบี่,ใต้
451,บ้านน้ำร้อน,6,โป่งพุร้อน,แหล่งธรรมชาติของท้องถิ่น,,คลองท่อม,กระบี่,ใต้
452,น้ำตกร้อนสะพานยูง,6,โป่งพุร้อน,แหล่งธรรมชาติของท้องถิ่น,,คลองท่อม,กระบี่,ใต้
453,อุทยานบ่อน้ำร้อน,6,โป่งพุร้อน,แหล่งธรรมชาติของท้องถิ่น,,กันตัง,ตรัง,ใต้
454,บ้านควนสระ,6,โป่งพุร้อน,แหล่งธรรมชาติของท้องถิ่น,,ปะเหลียน,ตรัง,ใต้
455,เขาชัยสน,6,โป่งพุร้อน,แหล่งธรรมชาติของท้องถิ่น,,เขาชัยสน,พัทลุง,ใต้
456,บ้านโล๊ะจังกระ,6,โป่งพุร้อน,แหล่งธรรมชาติของท้องถิ่น,,กงหรา,พัทลุง,ใต้
457,บ้านนาทุ่งโพธิ์,6,โป่งพุร้อน,แหล่งธรรมชาติของท้องถิ่น,,กงหรา,พัทลุง,ใต้
458,บ้านระหว่างควน,6,โป่งพุร้อน,แหล่งธรรมชาติของท้องถิ่น,,ควนขนุน,พัทลุง,ใต้
459,บ้านโตนปาหนัน,6,โป่งพุร้อน,แหล่งธรรมชาติของท้องถิ่น,,ควนกาหลง,สตูล,ใต้
460,ตาเนาะแมเราะ,6,โป่งพุร้อน,แหล่งธรรมชาติของท้องถิ่น,,เบตง,ยะลา,ใต้
461,กว๊านพะเยา,7,แหล่งน้ำ,แหล่งธรรมชาติอันควรอนุรักษ์,บ้านสาง,เมืองพะเยา,พะเยา,เหนือ
462,บึงสีไฟ,7,แหล่งน้ำ,แหล่งธรรมชาติอันควรอนุรักษ์,ท่าหลวง,เมืองพิจิตร,พิจิตร,เหนือ
463,บึงบอระเพ็ด,7,แหล่งน้ำ,แหล่งธรรมชาติอันควรอนุรักษ์,พระนอน,เมืองนครสวรรค์,นครสวรรค์,กลาง
464,บึงแม่ลา,7,แหล่งน้ำ,แหล่งธรรมชาติอันควรอนุรักษ์,แม่ลา,เมืองสิงห์บุรี,สิงห์บุรี,กลาง
465,บึงพระราม,7,แหล่งน้ำ,แหล่งธรรมชาติอันควรอนุรักษ์,ประตูชัย,พระนครศรีอยุธยา,พระนครศรีอยุธยา,กลาง
466,หนองแวง (ชัยภูมิ),7,แหล่งน้ำ,แหล่งธรรมชาติอันควรอนุรักษ์,คอนสวรรค์,คอนสวรรค์,ชัยภูมิ,ตะวันออกเฉียงเหนือ
467,บึงละหาน (ชัยภูมิ),7,แหล่งน้ำ,แหล่งธรรมชาติอันควรอนุรักษ์,ละหาน,จัตุรัส,ชัยภูมิ,ตะวันออกเฉียงเหนือ
468,บึงแก่นนคร,7,แหล่งน้ำ,แหล่งธรรมชาติอันควรอนุรักษ์,ในเมือง,เมืองขอนแก่น,ขอนแก่น,ตะวันออกเฉียงเหนือ
469,หนองหาร,7,แหล่งน้ำ,แหล่งธรรมชาติอันควรอนุรักษ์,ธาตุเชิงชุม,เมืองสกลนคร,สกลนคร,ตะวันออกเฉียงเหนือ
470,สวนสาธารณะศรีโคตรบูรณ์ (บึงใหญ่),7,แหล่งน้ำ,แหล่งธรรมชาติอันควรอนุรักษ์,ธาตุพนม,ธาตุพนม,นครพนม,ตะวันออกเฉียงเหนือ
471,หนองบัว (มหาสารคาม),7,แหล่งน้ำ,แหล่งธรรมชาติอันควรอนุรักษ์,โคกพระ,กันทรวิชัย,มหาสารคาม,ตะวันออกเฉียงเหนือ
472,บึงพลาญชัย,7,แหล่งน้ำ,แหล่งธรรมชาติอันควรอนุรักษ์,ในเมือง,เมืองร้อยเอ็ด,ร้อยเอ็ด,ตะวันออกเฉียงเหนือ
473,บึงกระโทก,7,แหล่งน้ำ,แหล่งธรรมชาติอันควรอนุรักษ์,กระโทก,โชคชัย,นครราชสีมา,ตะวันออกเฉียงเหนือ
474,หนองไพรบึง,7,แหล่งน้ำ,แหล่งธรรมชาติอันควรอนุรักษ์,ไพรบึง,ไพรบึง,ศรีสะเกษ,ตะวันออกเฉียงเหนือ
475,หนองสามขา (อำนาจเจริญ),7,แหล่งน้ำ,แหล่งธรรมชาติอันควรอนุรักษ์,รัตนวารี,หัวสะพาน,อำนาจเจริญ,ตะวันออกเฉียงเหนือ
476,ทะเลน้อย,7,แหล่งน้ำ,แหล่งธรรมชาติอันควรอนุรักษ์,พนางตุง,ควนขนุน,พัทลุง,ใต้
477,ทะเลสาบสงขลา,7,แหล่งน้ำ,แหล่งธรรมชาติอันควรอนุรักษ์,ควนขนุน,เมืองสงขลา,สงขลา,ใต้
478,อุทยานนกน้ำคูขุด,7,แหล่งน้ำ,แหล่งธรรมชาติอันควรอนุรักษ์,คูขุด,สทิงพระ,สงขลา,ใต้
479,ทะเลสองห้อง,7,แหล่งน้ำ,แหล่งธรรมชาติอันควรอนุรักษ์,บางดี,ห้วยยอด,ตรัง,ใต้
480,แก่งดอนกลาง,7,แหล่งน้ำ,แหล่งธรรมชาติของท้องถิ่น,กาฬสินธุ์,เมืองกาฬสินธุ์,กาฬสินธุ์,ตะวันออกเฉียงเหนือ
481,บึงกุย,7,แหล่งน้ำ,แหล่งธรรมชาติของท้องถิ่น,หัวขวาง แก้งแก เหล่า,โกสุมพิสัย,มหาสารคาม,ตะวันออกเฉียงเหนือ
482,บึงเกลือ,7,แหล่งน้ำ,แหล่งธรรมชาติของท้องถิ่น,บึงเกลือ,เสลภูมิ ,ร้อยเอ็ด,ตะวันออกเฉียงเหนือ
483,บึงแก่งน้ำต้อน,7,แหล่งน้ำ,แหล่งธรรมชาติของท้องถิ่น,เมืองเก่า ท่าพระ ดอนช้าง ,เมืองขอนแก่น,ขอนแก่น,ตะวันออกเฉียงเหนือ
484,บึงขยอง,7,แหล่งน้ำ,แหล่งธรรมชาติของท้องถิ่น,ฆ้องชัยพัฒนา,ฆ้องชัย,กาฬสินธุ์,ตะวันออกเฉียงเหนือ
485,บึงทุ่งสร้าง,7,แหล่งน้ำ,แหล่งธรรมชาติของท้องถิ่น,ในเมือง,เมืองขอนแก่น,ขอนแก่น,ตะวันออกเฉียงเหนือ
486,บึงแพง,7,แหล่งน้ำ,แหล่งธรรมชาติของท้องถิ่น,แพง,โกสุมพิสัย,มหาสารคม,ตะวันออกเฉียงเหนือ
487,บึงทามจั๊กจั่น,7,แหล่งน้ำ,แหล่งธรรมชาติของท้องถิ่น,สีชมพู,สีชมพู,ขอนแก่น,ตะวันออกเฉียงเหนือ
488,บึงละหานนา,7,แหล่งน้ำ,แหล่งธรรมชาติของท้องถิ่น,ละหานนา,แวงน้อย,ขอนแก่น,ตะวันออกเฉียงเหนือ
489,หนองกองแก้ว,7,แหล่งน้ำ,แหล่งธรรมชาติของท้องถิ่น,ศรีบุญเรือง,ชนบท,ขอนแก่น,ตะวันออกเฉียงเหนือ
490,หนองบัว (อุดรธานี),7,แหล่งน้ำ,แหล่งธรรมชาติของท้องถิ่น,หนองขอนกว้าง,เมืองอุดรธานี,อุดรธานี,ตะวันออกเฉียงเหนือ
491,หนองประจักษ์,7,แหล่งน้ำ,แหล่งธรรมชาติของท้องถิ่น,หมากแข้ง,เมืองอุดรธานี,อุดรธานี,ตะวันออกเฉียงเหนือ
492,ห้วยศาลา,7,แหล่งน้ำ,แหล่งธรรมชาติของท้องถิ่น,โคกตาล,ภูสิงห์,ศรีสะเกษ,ตะวันออกเฉียงเหนือ
493,หนองทา,7,แหล่งน้ำ,แหล่งธรรมชาติของท้องถิ่น,บ้านจั่น,เมืองอุดรธานี,อุดรธานี,ตะวันออกเฉียงเหนือ
494,กุดทิง,7,แหล่งน้ำ,แหล่งธรรมชาติของท้องถิ่น,โคกก่อง โนนสมบูรณ์ บึงกาฬ ,เมืองบึงกาฬ,บึงกาฬ,ตะวันออกเฉียงเหนือ
495,หนองสิม,7,แหล่งน้ำ,แหล่งธรรมชาติของท้องถิ่น,หมากแข้ง,เมืองอุดรธานี,อุดรธานี,ตะวันออกเฉียงเหนือ
496,หนองหลวง,7,แหล่งน้ำ,แหล่งธรรมชาติของท้องถิ่น,หนองหลวง,สว่างแดนดิน,สกลนคร,ตะวันออกเฉียงเหนือ
497,หนองเหล็ก,7,แหล่งน้ำ,แหล่งธรรมชาติของท้องถิ่น,หนองบัว ,เมืองอุดรธานี,อุดรธานี,ตะวันออกเฉียงเหนือ
498,ห้วยน้ำหมาน,7,แหล่งน้ำ,แหล่งธรรมชาติของท้องถิ่น,น้ำหมาน ,เมืองเลย,เลย,ตะวันออกเฉียงเหนือ
499,ห้วยทรายสว่าง,7,แหล่งน้ำ,แหล่งธรรมชาติของท้องถิ่น,สว่างแดนดิน,สว่างแดนดิน,สกลนคร,ตะวันออกเฉียงเหนือ
500,ห้วยตลาด,7,แหล่งน้ำ,แหล่งธรรมชาติของท้องถิ่น,สะแกซำ ,เมืองบุรีรัมย์,บุรีรัมย์,ตะวันออกเฉียงเหนือ
501,บึงชวน (ชัยภูมิ),7,แหล่งน้ำ,แหล่งธรรมชาติของท้องถิ่น,บ้านชวน,บำเหน็จณรงค์,ชัยภูมิ,ตะวันออกเฉียงเหนือ
502,หาดทรายริมแม่น้ำกก (พัทยา 2),8,ชายหาด,แหล่งธรรมชาติอันควรอนุรักษ์,รอบเวียง,เมืองเชียงราย,เชียงราย,เหนือ
503,หาดเจ้าสำราญ,8,ชายหาด,แหล่งธรรมชาติอันควรอนุรักษ์,เจ้าสำราญ,เมืองเพชรบุรี,เพชรบุรี,ตะวันตก
504,หาดชะอำ,8,ชายหาด,แหล่งธรรมชาติอันควรอนุรักษ์,ชะอำ,ชะอำ,เพชรบุรี,ตะวันตก
505,หาดวนกร,8,ชายหาด,แหล่งธรรมชาติอันควรอนุรักษ์,ห้วยยาง,ทับสะแก,ประจวบคีรีขันธ์,ตะวันตก
506,หาดหัวหิน (ประจวบคีรีขันธ์),8,ชายหาด,แหล่งธรรมชาติอันควรอนุรักษ์,หัวหิน,หัวหิน,ประจวบคีรีขันธ์,ตะวันตก
507,ดอนหอยหลอด,8,ชายหาด,แหล่งธรรมชาติอันควรอนุรักษ์,บางจะเกร็ง,เมืองสมุทรสงคราม,สมุทรสงคราม,กลาง
508,หาดบางแสน,8,ชายหาด,แหล่งธรรมชาติอันควรอนุรักษ์,แสนสุข,เมืองชลบุรี,ชลบุรี,ตะวันออก
509,หาดพัทยา,8,ชายหาด,แหล่งธรรมชาติอันควรอนุรักษ์,นาเกลือ,บางละมุง,ชลบุรี,ตะวันออก
510,หาดจอมเทียน,8,ชายหาด,แหล่งธรรมชาติอันควรอนุรักษ์,หนองปรือ,บางละมุง,ชลบุรี,ตะวันออก
511,หาดทรายแก้ว (เกาะเสม็ด ระยอง),8,ชายหาด,แหล่งธรรมชาติอันควรอนุรักษ์,เพ,เมืองระยอง,ระยอง,ตะวันออก
512,หาดแม่รำพึง,8,ชายหาด,แหล่งธรรมชาติอันควรอนุรักษ์,ตะพง,เมืองระยอง,ระยอง,ตะวันออก
513,แหลมแม่พิมพ์,8,ชายหาด,แหล่งธรรมชาติอันควรอนุรักษ์,กร่ำ,แกลง,ระยอง,ตะวันออก
514,หาดคุ้งวิมาน,8,ชายหาด,แหล่งธรรมชาติอันควรอนุรักษ์,คลองขุด,ท่าใหม่,จันทบุรี,ตะวันออก
515,แหลมเสด็จคุ้งกระเบน,8,ชายหาด,แหล่งธรรมชาติอันควรอนุรักษ์,คลองขุด,ท่าใหม่,จันทบุรี,ตะวันออก
516,แหลมสิงห์,8,ชายหาด,แหล่งธรรมชาติอันควรอนุรักษ์,ปากน้ำแหลมสิงห์,แหลมสิงห์,จันทบุรี,ตะวันออก
517,หาดทรายแก้ว (ตราด),8,ชายหาด,แหล่งธรรมชาติอันควรอนุรักษ์,แหลมกลัด,เมืองตราด,ตราด,ตะวันออก
518,หาดบานชื่น,8,ชายหาด,แหล่งธรรมชาติอันควรอนุรักษ์,ไม้รูด,คลองใหญ่,ตราด,ตะวันออก
519,หาดสุขสำราญ (หาดไม้รูด),8,ชายหาด,แหล่งธรรมชาติอันควรอนุรักษ์,ไม้รูด,คลองใหญ่,ตราด,ตะวันออก
520,อ่าวตาลคู่,8,ชายหาด,แหล่งธรรมชาติอันควรอนุรักษ์,บางปิด,แหลมงอบ,ตราด,ตะวันออก
521,แหลมงอบ,8,ชายหาด,แหล่งธรรมชาติอันควรอนุรักษ์,แหลมงอบ,แหลมงอบ,ตราด,ตะวันออก
522,หาดอรุโณทัย,8,ชายหาด,แหล่งธรรมชาติอันควรอนุรักษ์,ปากตะโก,ทุ่งตะโก,ชุมพร,ใต้
523,หาดทรายรี,8,ชายหาด,แหล่งธรรมชาติอันควรอนุรักษ์,หาดทรายรี,เมืองชุมพร,ชุมพร,ใต้
524,หาดเฉวง,8,ชายหาด,แหล่งธรรมชาติอันควรอนุรักษ์,บ่อผุด,เกาะสมุย,สุราษฎร์ธานี,ใต้
525,หาดละไม,8,ชายหาด,แหล่งธรรมชาติอันควรอนุรักษ์,มะเร็ต,เกาะสมุย,สุราษฎร์ธานี,ใต้
526,หาดสิชล,8,ชายหาด,แหล่งธรรมชาติอันควรอนุรักษ์,สิชล,สิชล,นครศรีธรรมราช,ใต้
527,หาดขนอม,8,ชายหาด,แหล่งธรรมชาติอันควรอนุรักษ์,ขนอม,ขนอม,นครศรีธรรมราช,ใต้
528,หาดปากบางสะกอม,8,ชายหาด,แหล่งธรรมชาติอันควรอนุรักษ์,สะกอม,เทพา,สงขลา,ใต้
529,หาดสมิหลา,8,ชายหาด,แหล่งธรรมชาติอันควรอนุรักษ์,บ่อยาง,เมืองสงขลา,สงขลา,ใต้
530,หาดเก้าเส้ง,8,ชายหาด,แหล่งธรรมชาติอันควรอนุรักษ์,บ่อยาง,เมืองสงขลา,สงขลา,ใต้
531,หาดม่วงงาม,8,ชายหาด,แหล่งธรรมชาติอันควรอนุรักษ์,ม่วงงาม,สิงหนคร,สงขลา,ใต้
532,แหลมสนอ่อน,8,ชายหาด,แหล่งธรรมชาติอันควรอนุรักษ์,บ่อยาง,เมืองสงขลา,สงขลา,ใต้
533,หาดรัชดาภิเษก (หาดสายหมอ),8,ชายหาด,แหล่งธรรมชาติอันควรอนุรักษ์,บางเขา,หนองจิก,ปัตตานี,ใต้
534,หาดแฆแฆ,8,ชายหาด,แหล่งธรรมชาติอันควรอนุรักษ์,น้ำบ่อ,ปะนาเระ,ปัตตานี,ใต้
535,หาดชลาลัย,8,ชายหาด,แหล่งธรรมชาติอันควรอนุรักษ์,ปะนาเระ,ปะนาเระ,ปัตตานี,ใต้
536,หาดตะโละกาโปร์,8,ชายหาด,แหล่งธรรมชาติอันควรอนุรักษ์,ตะโละกาโปร์,ยะหริ่ง,ปัตตานี,ใต้
537,แหลมตาชี (แหลมโพธิ์),8,ชายหาด,แหล่งธรรมชาติอันควรอนุรักษ์,แหลมโพธิ์,ยะหริ่ง,ปัตตานี,ใต้
538,หาดนราทัศน์,8,ชายหาด,แหล่งธรรมชาติอันควรอนุรักษ์,บางนาค,เมืองนราธิวาส,นราธิวาส,ใต้
539,หาดแหลมสน,8,ชายหาด,แหล่งธรรมชาติอันควรอนุรักษ์,ม่วงกลาง,กะเปอร์,ระนอง,ใต้
540,หาดประพาส,8,ชายหาด,แหล่งธรรมชาติอันควรอนุรักษ์,กำพวน,สุขสำราญ,ระนอง,ใต้
541,อ่าวไม้งาม,8,ชายหาด,แหล่งธรรมชาติอันควรอนุรักษ์,เกาะพระทอง,คุระบุรี,พังงา,ใต้
542,อ่าวเเม่ยาย,8,ชายหาด,แหล่งธรรมชาติอันควรอนุรักษ์,เกาะพระทอง,คุระบุรี,พังงา,ใต้
543,หาดท้ายเหมือง,8,ชายหาด,แหล่งธรรมชาติอันควรอนุรักษ์,ท้ายเหมือง,ท้ายเหมือง,พังงา,ใต้
544,หาดในยาง,8,ชายหาด,แหล่งธรรมชาติอันควรอนุรักษ์,สาคู,ถลาง,ภูเก็ต,ใต้
545,หาดป่าตอง,8,ชายหาด,แหล่งธรรมชาติอันควรอนุรักษ์,ป่าตอง,กะทู้,ภูเก็ต,ใต้
546,หาดสุรินทร์,8,ชายหาด,แหล่งธรรมชาติอันควรอนุรักษ์,เชิงทะเล,ถลาง,ภูเก็ต,ใต้
547,หาดในหาน,8,ชายหาด,แหล่งธรรมชาติอันควรอนุรักษ์,ราไวย์,เมืองภูเก็ต,ภูเก็ต,ใต้
548,อ่าวพระนาง,8,ชายหาด,แหล่งธรรมชาติอันควรอนุรักษ์,อ่าวนาง,เมืองกระบี่,กระบี่,ใต้
549,หาดเจ้าไหม,8,ชายหาด,แหล่งธรรมชาติอันควรอนุรักษ์,ไม้ฝาด,กันตัง,ตรัง,ใต้
550,หาดปากเมง,8,ชายหาด,แหล่งธรรมชาติอันควรอนุรักษ์,ไม้ฝาด,สิเกา,ตรัง,ใต้
551,อ่าวพันเตมะละกา (เกาะตะรุเตา),8,ชายหาด,แหล่งธรรมชาติอันควรอนุรักษ์,เกาะสาหร่าย,เมืองสตูล,สตูล,ใต้
552,หาดหินงาม (เกาะตะรุเตา),8,ชายหาด,แหล่งธรรมชาติอันควรอนุรักษ์,เกาะสาหร่าย,เมืองสตูล,สตูล,ใต้
553,หาดปากบารา,8,ชายหาด,แหล่งธรรมชาติอันควรอนุรักษ์,ปากน้ำ,ละงู,สตูล,ใต้
554,หาดราไว,8,ชายหาด,แหล่งธรรมชาติอันควรอนุรักษ์,ขอนคลาน,ทุ่งหว้า,สตูล,ใต้
555,หาดเขากะโหลก,8,ชายหาด,แหล่งธรรมชาติของท้องถิ่น,ปากน้ำปราณ,ปราณบุรี,ประจวบคีรีขันธ์,ตะวันตก
556,หาดท่าแตง,8,ชายหาด,แหล่งธรรมชาติของท้องถิ่น,นาเตย,ท้ายเหมือง,พังงา,ใต้
557,อ่าวประจวบ,8,ชายหาด,แหล่งธรรมชาติของท้องถิ่น,เกาะหลัก,เมืองประจวบคีรีขันธ์,ประจวบคีรีขันธ์,ตะวันตก
558,หาดเจ้าหลาว,8,ชายหาด,แหล่งธรรมชาติของท้องถิ่น,,ท่าใหม่,จันทบุรี,ตะวันออก
559,หาดทรายขาว,8,ชายหาด,แหล่งธรรมชาติของท้องถิ่น,,เกาะช้าง,ตราด,ตะวันออก
560,หาดเพ,8,ชายหาด,แหล่งธรรมชาติของท้องถิ่น,,เมือง,ระยอง,ตะวันออก
561,หาดสวนสน,8,ชายหาด,แหล่งธรรมชาติของท้องถิ่น,,แกลง,ระยอง,ตะวันออก
562,หาดเขาตะเกียบ,8,ชายหาด,แหล่งธรรมชาติของท้องถิ่น,,หัวหิน,ประจวบคีรีขันธ์,ตะวันตก
563,หาดเขาเต่า,8,ชายหาด,แหล่งธรรมชาติของท้องถิ่น,,หัวหิน,ประจวบคีรีขันธ์,ตะวันตก
564,หาดทุ่งวัวแล่น,8,ชายหาด,แหล่งธรรมชาติของท้องถิ่น,,ปะทิว,ชุมพร,ใต้
565,หาดแหลมปะการัง,8,ชายหาด,แหล่งธรรมชาติของท้องถิ่น,,ตะกั่วป่า,พังงา,ใต้
566,หาดกมลา,8,ชายหาด,แหล่งธรรมชาติของท้องถิ่น,,กระทู้,ภูเก็ต,ใต้
567,หาดราไวย์,8,ชายหาด,แหล่งธรรมชาติของท้องถิ่น,,เมือง,ภูเก็ต,ใต้
568,หาดตลิ่งชัน,8,ชายหาด,แหล่งธรรมชาติของท้องถิ่น,,จะนะ,สงขลา,ใต้
569,หาดชาญดำริ,8,ชายหาด,แหล่งธรรมชาติของท้องถิ่น,,เมือง,ระนอง,ใต้
570,สุสานหอย 75 ล้านปี,9,ซากดึกดำบรรพ์,แหล่งธรรมชาติอันควรอนุรักษ์,ไสไทย,เมืองกระบี่,กระบี่,ใต้
571,ไม้กลายเป็นหิน (ตาก),9,ซากดึกดำบรรพ์,แหล่งธรรมชาติของท้องถิ่น,ตากออก,บ้านตาก,ตาก,ตะวันตก
572,ไม้กลายเป็นหิน (นครราชสีมา),9,ซากดึกดำบรรพ์,แหล่งธรรมชาติของท้องถิ่น,สุรนารี,เมืองนครราชสีมา,นครราชสีมา,ตะวันออกเฉียงเหนือ
573,ภูเวียง,9,ซากดึกดำบรรพ์,แหล่งธรรมชาติของท้องถิ่น,,ภูเวียง,ขอนแก่น,ตะวันออกเฉียงเหนือ
574,สุสานหอย,9,ซากดึกดำบรรพ์,แหล่งธรรมชาติของท้องถิ่น,ไสไทย,เมืองกระบี่,กระบี่,ใต้
575,ออบหลวง,10,ธรณีสัณฐานและภูมิลักษณวรรณา,แหล่งธรรมชาติอันควรอนุรักษ์,หางดง,ฮอด,เชียงใหม่,เหนือ
576,ผาจ้อ (ผาช่อ),10,ธรณีสัณฐานและภูมิลักษณวรรณา,แหล่งธรรมชาติอันควรอนุรักษ์,สันติสุข,ดอยหล่อ,เชียงใหม่,เหนือ
577,ฝั่งต้า,10,ธรณีสัณฐานและภูมิลักษณวรรณา,แหล่งธรรมชาติอันควรอนุรักษ์,เชียงม่วน,เชียงม่วน,พะเยา,เหนือ
578,แพะเมืองผี,10,ธรณีสัณฐานและภูมิลักษณวรรณา,แหล่งธรรมชาติอันควรอนุรักษ์,น้ำชำ,เมืองแพร่,แพร่,เหนือ
579,เสาดินนาน้อย (เสาดิน-ฮ่อมจ๊อม),10,ธรณีสัณฐานและภูมิลักษณวรรณา,แหล่งธรรมชาติอันควรอนุรักษ์,เชียงของ,นาน้อย,น่าน,เหนือ
580,ลานหินปุ่ม-ลานหินแตก,10,ธรณีสัณฐานและภูมิลักษณวรรณา,แหล่งธรรมชาติอันควรอนุรักษ์,เนินเพิ่ม,นครไทย,พิษณุโลก,กลาง
581,สวนหิน (กาญจนบุรี),10,ธรณีสัณฐานและภูมิลักษณวรรณา,แหล่งธรรมชาติอันควรอนุรักษ์,ทุ่งนาคราช,เมืองกาญจนบุรี,กาญจนบุรี,ตะวันตก
582,เสาหินเหลี่ยม,10,ธรณีสัณฐานและภูมิลักษณวรรณา,แหล่งธรรมชาติอันควรอนุรักษ์,ประณีต,เขาสมิง,ตราด,ตะวันออก
583,ป่าหินงาม (ชัยภูมิ),10,ธรณีสัณฐานและภูมิลักษณวรรณา,แหล่งธรรมชาติอันควรอนุรักษ์,บ้านไร่,เทพสถิต,ชัยภูมิ,ตะวันออกเฉียงเหนือ
584,หอนางอุสา,10,ธรณีสัณฐานและภูมิลักษณวรรณา,แหล่งธรรมชาติอันควรอนุรักษ์,เมืองพาน,บ้านผือ,อุดรธานี,ตะวันออกเฉียงเหนือ
585,หินร่อง (มหาสารคาม),10,ธรณีสัณฐานและภูมิลักษณวรรณา,แหล่งธรรมชาติอันควรอนุรักษ์,ดอนกลาง,โกสุมพิสัย,มหาสารคาม,ตะวันออกเฉียงเหนือ
586,ผาแต้ม,10,ธรณีสัณฐานและภูมิลักษณวรรณา,แหล่งธรรมชาติอันควรอนุรักษ์,ห้วยไผ่,โขงเจียม,อุบลราชธานี,ตะวันออกเฉียงเหนือ
587,เสาเฉลียง,10,ธรณีสัณฐานและภูมิลักษณวรรณา,แหล่งธรรมชาติอันควรอนุรักษ์,ห้วยไผ่,โขงเจียม,อุบลราชธานี,ตะวันออกเฉียงเหนือ
588,ทะเลใน (หมู่เกาะอ่างทอง),10,ธรณีสัณฐานและภูมิลักษณวรรณา,แหล่งธรรมชาติอันควรอนุรักษ์,อ่างทอง,เกาะสมุย,สุราษฎร์ธานี,ใต้
589,หินตาหินยาย,10,ธรณีสัณฐานและภูมิลักษณวรรณา,แหล่งธรรมชาติอันควรอนุรักษ์,มะเร็ต,เกาะสมุย,สุราษฎร์ธานี,ใต้
590,เขาพิงกัน-เขาตะปู,10,ธรณีสัณฐานและภูมิลักษณวรรณา,แหล่งธรรมชาติอันควรอนุรักษ์,กระโสม,ตะกั่วทุ่ง,พังงา,ใต้
591,ผาตั้ง,10,ธรณีสัณฐานและภูมิลักษณวรรณา,แหล่งธรรมชาติของท้องถิ่น,ปอ,เวียงแก่น,เชียงราย,เหนือ
592,ผาสิงห์เหลียว,10,ธรณีสัณฐานและภูมิลักษณวรรณา,แหล่งธรรมชาติของท้องถิ่น,บ้านตาล,ฮอด,เชียงใหม่,เหนือ
593,ผาวิ่งชู้,10,ธรณีสัณฐานและภูมิลักษณวรรณา,แหล่งธรรมชาติของท้องถิ่น,ฮอด,ฮอด,เชียงใหม่,เหนือ
594,ออบขาน-ออบไฮ-ผาอกม้า,10,ธรณีสัณฐานและภูมิลักษณวรรณา,แหล่งธรรมชาติของท้องถิ่น,น้ำแพร่,หางดง,เชียงใหม่,เหนือ
595,สะพานหินธรรมชาติ,10,ธรณีสัณฐานและภูมิลักษณวรรณา,แหล่งธรรมชาติของท้องถิ่น,ด่านแม่ละเมา,แม่สอด,ตาก,ตะวันตก
596,บ่อเกลือสินเธาว์,10,ธรณีสัณฐานและภูมิลักษณวรรณา,แหล่งธรรมชาติของท้องถิ่น,บ่อเกลือใต้,บ่อเกลือ,น่าน,เหนือ
597,โปดหมาผี,10,ธรณีสัณฐานและภูมิลักษณวรรณา,แหล่งธรรมชาติของท้องถิ่น,สถาน,นาน้อย,น่าน,เหนือ
598,ผาหน่อ,10,ธรณีสัณฐานและภูมิลักษณวรรณา,แหล่งธรรมชาติของท้องถิ่น,น้ำปาย,อำเภอแม่จริม,น่าน,เหนือ
599,หมอนหินซ้อน,10,ธรณีสัณฐานและภูมิลักษณวรรณา,แหล่งธรรมชาติของท้องถิ่น,เนินเพิ่ม,นครไทย,พิษณุโลก,กลาง
600,ลานหินแตก,10,ธรณีสัณฐานและภูมิลักษณวรรณา,แหล่งธรรมชาติของท้องถิ่น,เนินเพิ่ม,นครไทย,พิษณุโลก,กลาง
601,ลานหินปุ่ม,10,ธรณีสัณฐานและภูมิลักษณวรรณา,แหล่งธรรมชาติของท้องถิ่น,เนินเพิ่ม,นครไทย,พิษณุโลก,กลาง
602,ซุ้มประตูผาเมือง,10,ธรณีสัณฐานและภูมิลักษณวรรณา,แหล่งธรรมชาติของท้องถิ่น,บ่อโพธิ์,นครไทย,พิษณุโลก,กลาง
603,บ่อเกลือพันปี,10,ธรณีสัณฐานและภูมิลักษณวรรณา,แหล่งธรรมชาติของท้องถิ่น,บ่อโพธิ์,นครไทย,พิษณุโลก,กลาง
604,ภูเขาหินปะการัง,10,ธรณีสัณฐานและภูมิลักษณวรรณา,แหล่งธรรมชาติของท้องถิ่น,ต้าผาหมอก,ลอง,แพร่,เหนือ
605,ม่อนเสาหินพิศวง หรือ ม่อนหินกอง,10,ธรณีสัณฐานและภูมิลักษณวรรณา,แหล่งธรรมชาติของท้องถิ่น,นาพูน,วังชิ้น,แพร่,เหนือ
606,ลานหินบ้านแป้น,10,ธรณีสัณฐานและภูมิลักษณวรรณา,แหล่งธรรมชาติของท้องถิ่น,เวียงต้า,ลอง,แพร่,เหนือ
607,กองแลน,10,ธรณีสัณฐานและภูมิลักษณวรรณา,แหล่งธรรมชาติของท้องถิ่น,ทุ่งยาว,ปาย,แม่ฮ่องสอน,เหนือ
608,หินไล่ลัวะ,10,ธรณีสัณฐานและภูมิลักษณวรรณา,แหล่งธรรมชาติของท้องถิ่น,แม่ลาน้อย,แม่ลาน้อย,แม่ฮ่องสอน,เหนือ
609,หล่มภูเขียว,10,ธรณีสัณฐานและภูมิลักษณวรรณา,แหล่งธรรมชาติของท้องถิ่น,บ้านอ้อน,งาว,ลำปาง,เหนือ
610,ภูเขาไฟดอยผาคอกหินฟู และภูเขาไฟจำป่าแดด,10,ธรณีสัณฐานและภูมิลักษณวรรณา,แหล่งธรรมชาติของท้องถิ่น,แม่ทะ,แม่ทะ,ลำปาง,เหนือ
611,บ่อเหล็กน้ำพี้,10,ธรณีสัณฐานและภูมิลักษณวรรณา,แหล่งธรรมชาติของท้องถิ่น,น้ำพี้,ทองแสนขัน,อุตรดิตถ์,กลาง
612,ทุ่งหินเทิน,10,ธรณีสัณฐานและภูมิลักษณวรรณา,แหล่งธรรมชาติของท้องถิ่น,ปางสวรรค์,ชุมตาบง,นครสวรรค์,กลาง
613,ช่องกระจก,10,ธรณีสัณฐานและภูมิลักษณวรรณา,แหล่งธรรมชาติของท้องถิ่น,อ่าวน้อย ,เมืองประจวบคีรีขันธ์ ,ประจวบคีรีขันธ์,ตะวันตก
614,โป่งยุบ,10,ธรณีสัณฐานและภูมิลักษณวรรณา,แหล่งธรรมชาติของท้องถิ่น,สวนผึ้ง,สวนผึ้ง,ราชบุรี,ตะวันตก
615,หุบป่าตาด,10,ธรณีสัณฐานและภูมิลักษณวรรณา,แหล่งธรรมชาติของท้องถิ่น,ทุ่งนางาม,ลานสัก,อุทัยธานี,กลาง
616,หินเทิน/ยอดเขาคิชฌกูฎ /เขาพระบาทพลวง,10,ธรณีสัณฐานและภูมิลักษณวรรณา,แหล่งธรรมชาติของท้องถิ่น,พลวง,เขาคิชฌกูฏ,จันทบุรี,ตะวันออก
617,เขาชีจรรย์,10,ธรณีสัณฐานและภูมิลักษณวรรณา,แหล่งธรรมชาติของท้องถิ่น,บางเสร่,สัตหีบ,ชลบุรี,ตะวันออก
618,หินเจดีย์สมอง,10,ธรณีสัณฐานและภูมิลักษณวรรณา,แหล่งธรรมชาติของท้องถิ่น,แก่งดินสอ,นาดี,ปราจีนบุรี,ตะวันออก
619,ละลุ,10,ธรณีสัณฐานและภูมิลักษณวรรณา,แหล่งธรรมชาติของท้องถิ่น,ทัพราช,ตาพระยา,สระแก้ว,ตะวันออก
620,สุสานไดโนเสาร์ภูกุ้มข้าว,10,ธรณีสัณฐานและภูมิลักษณวรรณา,แหล่งธรรมชาติของท้องถิ่น,โนนบุรี,สหัสขันธ์,กาฬสินธุ์,ตะวันออกเฉียงเหนือ
621,รอยเท้าไดโนเสาร์ภูแฝก,10,ธรณีสัณฐานและภูมิลักษณวรรณา,แหล่งธรรมชาติของท้องถิ่น,ภูแล่นช้าง,นาคู,กาฬสินธุ์,ตะวันออกเฉียงเหนือ
622,หินช้างสี,10,ธรณีสัณฐานและภูมิลักษณวรรณา,แหล่งธรรมชาติของท้องถิ่น,โคกงาม,บ้านฝาง,ขอนแก่น,ตะวันออกเฉียงเหนือ
623,คำโพน,10,ธรณีสัณฐานและภูมิลักษณวรรณา,แหล่งธรรมชาติของท้องถิ่น,โคกงาม,บ้านฝาง,ขอนแก่น,ตะวันออกเฉียงเหนือ
624,ประตูโขลง หรือ ซุ้มประตูหินธรรมชาติ,10,ธรณีสัณฐานและภูมิลักษณวรรณา,แหล่งธรรมชาติของท้องถิ่น,ห้วยต้อน,เมืองชัยภูมิ,ชัยภูมิ,ตะวันออกเฉียงเหนือ
625,หินปราสาท,10,ธรณีสัณฐานและภูมิลักษณวรรณา,แหล่งธรรมชาติของท้องถิ่น,ห้วยต้อน,เมืองชัยภูมิ,ชัยภูมิ,ตะวันออกเฉียงเหนือ
626,มอหินขาว,10,ธรณีสัณฐานและภูมิลักษณวรรณา,แหล่งธรรมชาติของท้องถิ่น,ท่าหินโงม,เมืองชัยภูมิ,ชัยภูมิ,ตะวันออกเฉียงเหนือ
627,ป่าหินงาม (ชัยภูมิ),10,ธรณีสัณฐานและภูมิลักษณวรรณา,แหล่งธรรมชาติของท้องถิ่น,บ้านไร่,เทพสถิต,ชัยภูมิ,ตะวันออกเฉียงเหนือ
628,ลานสาวคอย,10,ธรณีสัณฐานและภูมิลักษณวรรณา,แหล่งธรรมชาติของท้องถิ่น,นาแก,นาแก,นครพนม,ตะวันออกเฉียงเหนือ
629,ภูทอกน้อย,10,ธรณีสัณฐานและภูมิลักษณวรรณา,แหล่งธรรมชาติของท้องถิ่น,นาแสง,ศรีวิไล,บึงกาฬ,ตะวันออกเฉียงเหนือ
630,ภูสิงห์ (หินสามวาฬ),10,ธรณีสัณฐานและภูมิลักษณวรรณา,แหล่งธรรมชาติของท้องถิ่น,นาสิงห์,ศรีวิไล,บึงกาฬ,ตะวันออกเฉียงเหนือ
631,ลานหินตัด,10,ธรณีสัณฐานและภูมิลักษณวรรณา,แหล่งธรรมชาติของท้องถิ่น,ปราสาท,บ้านกรวด,บุรีรัมย์,ตะวันออกเฉียงเหนือ
632,เต่าหิน,10,ธรณีสัณฐานและภูมิลักษณวรรณา,แหล่งธรรมชาติของท้องถิ่น,ป่าไร่,ดอนตาล,มุกดาหาร,ตะวันออกเฉียงเหนือ
633,ผาเทิบ,10,ธรณีสัณฐานและภูมิลักษณวรรณา,แหล่งธรรมชาติของท้องถิ่น,นาสีนวน,เมืองมุกดาหาร,มุกดาหาร,ตะวันออกเฉียงเหนือ
634,ผาอูฐ,10,ธรณีสัณฐานและภูมิลักษณวรรณา,แหล่งธรรมชาติของท้องถิ่น,นาสีนวน,เมืองมุกดาหาร,มุกดาหาร,ตะวันออกเฉียงเหนือ
635,หินสี่ทิศ,10,ธรณีสัณฐานและภูมิลักษณวรรณา,แหล่งธรรมชาติของท้องถิ่น,แสงภา,นาแห้ว,เลย,ตะวันออกเฉียงเหนือ
636,รอยเท้าไดโนเสาร์ภูหลวง,10,ธรณีสัณฐานและภูมิลักษณวรรณา,แหล่งธรรมชาติของท้องถิ่น,ท่าศาลา,ภูเรือ,เลย,ตะวันออกเฉียงเหนือ
637,ลานพระศรีนครินทร์ (องค์พระพุทธเมตตา),10,ธรณีสัณฐานและภูมิลักษณวรรณา,แหล่งธรรมชาติของท้องถิ่น,ศรีฐาน,ภูกระดึง,เลย,ตะวันออกเฉียงเหนือ
638,สวนหินผางาม,10,ธรณีสัณฐานและภูมิลักษณวรรณา,แหล่งธรรมชาติของท้องถิ่น,ปวนพุ,หนองหิน,เลย,ตะวันออกเฉียงเหนือ
639,หินกวยหล่อ,10,ธรณีสัณฐานและภูมิลักษณวรรณา,แหล่งธรรมชาติของท้องถิ่น,แสงภา,นาแห้ว,เลย,ตะวันออกเฉียงเหนือ
640,ปราสาทหินภูเพ็ก,10,ธรณีสัณฐานและภูมิลักษณวรรณา,แหล่งธรรมชาติของท้องถิ่น,นาหัวบ่อ,พรรณานิคม,สกลนคร,ตะวันออกเฉียงเหนือ
641,หามต่าง,10,ธรณีสัณฐานและภูมิลักษณวรรณา,แหล่งธรรมชาติของท้องถิ่น,โคกม่วง,โนนสัง,หนองบัวลำภู,ตะวันออกเฉียงเหนือ
642,ภูหินด่าง,10,ธรณีสัณฐานและภูมิลักษณวรรณา,แหล่งธรรมชาติของท้องถิ่น,ห้วยข่า,บุณฑริก,อุบลราชธานี,ตะวันออกเฉียงเหนือ
643,ลานหินห้วยสูบ,10,ธรณีสัณฐานและภูมิลักษณวรรณา,แหล่งธรรมชาติของท้องถิ่น,นาคำ,ศรีเมืองใหม่,อุบลราชธานี,ตะวันออกเฉียงเหนือ
644,สามพันโบก,10,ธรณีสัณฐานและภูมิลักษณวรรณา,แหล่งธรรมชาติของท้องถิ่น,เหล่างาม,โพธิ์ไทร,อุบลราชธานี,ตะวันออกเฉียงเหนือ
645,เสาเฉลียงคู่,10,ธรณีสัณฐานและภูมิลักษณวรรณา,แหล่งธรรมชาติของท้องถิ่น,นาโพธิ์กลาง,โขงเจียม,อุบลราชธานี,ตะวันออกเฉียงเหนือ
646,เสาเฉลียงใหญ่,10,ธรณีสัณฐานและภูมิลักษณวรรณา,แหล่งธรรมชาติของท้องถิ่น,สำโรง,โพธิ์ไทร,อุบลราชธานี,ตะวันออกเฉียงเหนือ
647,หินเต่าชมพระจันทร์,10,ธรณีสัณฐานและภูมิลักษณวรรณา,แหล่งธรรมชาติของท้องถิ่น,นาโพธิ์กลาง,โขงเจียม,อุบลราชธานี,ตะวันออกเฉียงเหนือ
648,ป่าทุ่งเตียว,10,ธรณีสัณฐานและภูมิลักษณวรรณา,แหล่งธรรมชาติของท้องถิ่น,คลองท่อมเหนือ,คลองท่อม,กระบี่,ใต้
649,ซุ้มหินชายฝั่งหาดทรายแดง,10,ธรณีสัณฐานและภูมิลักษณวรรณา,แหล่งธรรมชาติของท้องถิ่น,หาดทรายรี,เมืองชุมพร,ชุมพร,ใต้
650,ถ้ำเล-เขากอบ,10,ธรณีสัณฐานและภูมิลักษณวรรณา,แหล่งธรรมชาติของท้องถิ่น,เขากอบ,ห้วยยอด,ตรัง,ใต้
651,เขตข้ามกาลเวลาเขาโต๊ะหงาย,10,ธรณีสัณฐานและภูมิลักษณวรรณา,แหล่งธรรมชาติของท้องถิ่น,ปากน้ำ,ละงู,สตูล,ใต้
652,ปราสาทหินพันยอด,10,ธรณีสัณฐานและภูมิลักษณวรรณา,แหล่งธรรมชาติของท้องถิ่น,ปากน้ำ,ละงู,สตูล,ใต้
